study_hours,attendance,previous_score,assignment_score,sleep_hours,distractions,next_score
4.0,72.0,77.5,68.4,6.9,1.0,57.6
2.9,85.0,67.9,69.0,6.5,3.7,62.0
3.8,85.0,79.7,68.3,6.7,3.5,75.7
2.6,92.0,92.8,82.0,7.4,1.2,85.1
9.1,64.0,66.5,47.2,6.8,4.5,54.8
4.6,94.0,66.5,72.5,6.9,0.5,67.0
3.2,50.0,93.7,86.2,4.9,4.9,76.8
5.0,76.0,81.5,69.1,7.5,4.3,73.9
3.9,78.0,63.0,75.7,6.9,3.4,66.8
7.7,94.0,78.1,88.1,8.9,4.7,65.6
9.7,85.0,63.0,48.5,5.9,3.6,57.7
4.9,64.0,63.0,58.7,4.8,1.0,54.3
8.7,70.0,73.6,64.9,7.7,2.2,67.9
6.1,88.0,41.3,43.5,7.4,0.4,46.5
2.4,84.0,44.1,66.4,5.8,1.9,48.1
7.2,76.0,61.6,64.6,5.2,3.7,60.4
5.6,78.0,54.8,59.7,8.8,1.9,44.8
6.9,95.0,74.7,50.8,8.7,1.7,75.4
9.0,77.0,56.4,71.5,4.0,3.0,52.6
5.0,84.0,48.8,44.4,6.5,4.4,46.4
9.1,100.0,92.0,85.9,9.0,0.2,93.0
7.8,64.0,66.6,73.3,6.4,1.9,59.9
5.4,57.0,71.0,88.9,6.4,0.8,69.7
6.4,97.0,48.6,43.5,6.7,3.5,50.0
3.9,75.0,61.8,30.9,5.7,0.5,59.2
9.9,80.0,71.7,75.2,5.0,3.3,66.2
7.0,73.0,52.7,83.2,8.3,1.4,63.0
1.4,81.0,75.6,90.2,4.8,1.0,67.6
3.9,100.0,61.0,69.1,7.3,4.7,63.9
6.6,97.0,65.6,63.5,8.1,0.1,77.2
1.5,98.0,61.0,76.3,5.3,2.2,65.6
1.2,64.0,97.8,77.0,5.9,0.1,82.8
5.1,68.0,69.8,77.6,8.5,2.4,68.9
4.0,50.0,54.1,68.5,7.6,2.5,55.5
4.9,73.0,82.3,92.1,6.3,1.6,83.1
3.4,99.0,51.7,94.1,8.4,0.7,70.5
2.5,93.0,73.1,78.6,8.4,1.9,75.9
7.2,82.0,40.6,48.3,7.3,3.4,44.6
5.6,85.0,50.1,59.7,5.9,3.9,54.2
2.8,75.0,73.0,52.5,6.5,2.7,61.2
3.9,88.0,81.1,70.3,7.3,2.9,70.6
6.3,96.0,72.6,68.6,6.8,1.0,73.7
1.7,61.0,68.3,64.7,8.1,1.4,60.1
2.3,89.0,65.5,71.1,5.2,0.8,56.4
1.7,99.0,47.8,48.8,5.2,1.2,51.8
8.3,79.0,59.2,79.0,7.2,1.1,55.0
7.8,96.0,63.1,67.9,6.4,2.6,78.9
7.8,100.0,85.9,81.4,6.2,2.8,90.6
7.4,83.0,75.2,71.2,4.9,4.7,63.5
7.0,91.0,43.6,58.0,7.0,1.0,54.4
5.3,74.0,74.9,84.8,6.9,3.2,74.5
6.8,88.0,64.2,58.1,7.8,4.1,58.2
1.3,92.0,59.8,58.0,7.1,2.8,58.3
6.6,88.0,79.2,73.9,6.8,1.3,78.0
8.0,70.0,85.5,65.1,8.4,1.3,75.2
5.5,88.0,84.0,70.6,5.4,0.2,79.7
4.2,100.0,57.4,58.7,7.6,1.5,55.6
3.5,92.0,65.4,79.7,5.0,3.7,62.3
6.8,99.0,75.0,78.1,6.0,0.2,80.1
7.2,81.0,84.6,83.1,5.5,1.1,81.8
8.8,96.0,62.8,77.9,7.9,3.5,66.5
4.1,89.0,67.2,68.7,6.9,3.9,70.2
7.9,71.0,53.4,66.7,7.0,2.3,56.3
6.1,90.0,52.1,60.0,5.7,3.5,54.5
8.9,70.0,82.2,82.5,6.6,1.9,85.5
5.8,76.0,90.3,77.2,6.1,0.8,83.3
5.7,88.0,68.9,42.1,7.5,2.0,63.7
6.2,89.0,85.1,79.4,5.8,2.9,79.0
7.7,67.0,75.4,92.3,8.6,4.7,75.7
9.7,100.0,60.3,77.3,5.0,0.3,66.5
1.7,94.0,75.4,86.8,6.0,2.5,79.7
1.5,74.0,93.1,100.0,9.0,1.6,81.9
9.4,62.0,69.5,72.7,6.5,2.5,63.6
5.8,83.0,93.5,88.4,5.4,0.1,91.5
6.5,78.0,30.7,41.0,7.3,1.6,38.0
5.3,87.0,82.3,75.6,6.4,4.1,78.3
1.8,80.0,71.3,80.2,6.0,2.8,55.2
7.9,55.0,65.5,83.8,5.7,2.3,65.0
7.7,79.0,71.4,71.2,10.0,1.4,59.3
3.8,80.0,40.2,48.7,6.7,1.5,41.1
3.8,95.0,66.7,70.0,4.7,1.9,59.8
8.5,75.0,75.4,82.4,8.8,4.2,66.5
1.7,100.0,92.2,68.0,7.7,4.8,77.1
8.9,56.0,62.2,39.8,6.1,2.2,47.6
3.3,100.0,57.9,58.1,5.9,2.0,60.7
6.3,82.0,62.5,52.8,7.8,4.2,63.2
9.4,98.0,83.7,74.1,6.7,2.1,83.9
7.1,86.0,74.9,73.2,4.7,2.8,70.9
4.7,100.0,62.1,61.8,9.1,1.2,65.8
7.2,79.0,77.7,94.0,6.5,3.7,83.3
4.1,69.0,71.5,76.8,8.8,2.7,73.0
3.5,100.0,84.5,84.3,8.5,4.0,75.3
10.0,83.0,59.5,73.1,5.8,3.9,58.3
7.8,88.0,65.1,55.4,8.2,1.1,68.1
6.8,100.0,64.1,80.9,6.2,3.6,72.3
4.2,70.0,48.0,57.9,4.8,4.0,45.3
1.4,94.0,74.4,82.7,6.5,1.7,82.6
1.3,76.0,73.9,61.5,7.5,0.9,67.0
6.0,83.0,70.1,53.4,6.4,0.0,70.5
7.9,86.0,66.5,79.7,6.6,2.3,66.7
5.8,62.0,48.8,63.8,8.4,1.8,60.3
8.6,73.0,63.7,57.4,7.1,2.8,60.0
1.3,100.0,64.9,58.5,6.0,0.9,61.9
4.3,98.0,58.0,78.3,7.8,4.3,60.4
3.1,84.0,67.6,56.3,7.2,1.3,61.7
5.0,89.0,76.1,95.3,4.0,1.1,67.6
1.7,81.0,98.3,78.2,7.5,2.4,82.2
9.6,100.0,72.6,81.2,7.5,2.5,71.2
3.0,82.0,73.9,70.4,7.0,1.1,68.3
9.3,88.0,68.9,78.6,8.1,1.4,82.0
4.8,100.0,41.2,48.2,6.2,0.8,53.6
9.9,73.0,69.6,69.8,7.4,3.6,71.4
6.0,100.0,70.9,73.0,5.1,3.9,72.2
9.4,62.0,100.0,78.0,7.5,2.3,95.7
1.0,100.0,67.1,79.2,9.3,3.6,52.2
7.7,79.0,74.5,68.6,5.8,3.7,62.9
9.1,81.0,69.5,68.9,6.1,0.7,67.8
2.3,57.0,52.5,49.5,6.1,4.8,40.7
1.9,78.0,87.1,51.5,7.2,4.1,67.5
4.8,69.0,81.3,76.5,5.7,1.0,73.3
9.4,76.0,81.9,100.0,7.5,0.9,87.2
5.9,83.0,56.4,73.2,8.0,0.6,63.6
5.7,99.0,91.0,84.4,7.6,0.7,86.8
2.3,88.0,49.0,56.2,4.9,3.7,34.4
1.0,90.0,78.8,77.6,8.2,2.3,67.4
8.3,69.0,100.0,96.6,8.1,3.9,86.6
1.8,72.0,55.1,48.9,8.0,3.7,46.2
6.7,100.0,61.5,80.3,7.4,3.0,63.6
9.2,74.0,71.5,81.5,7.3,3.4,69.3
2.9,100.0,62.4,76.1,8.2,0.1,63.6
7.0,81.0,46.7,63.3,9.3,1.6,48.3
1.7,85.0,71.0,72.9,5.9,3.2,60.4
6.4,100.0,54.1,70.5,8.3,0.0,60.5
2.5,100.0,77.1,83.4,6.9,0.2,74.7
7.6,83.0,56.2,59.5,6.8,4.3,55.8
3.7,79.0,93.2,79.1,5.2,3.4,74.3
5.2,84.0,58.3,66.2,6.7,1.3,66.8
6.4,90.0,65.2,87.7,5.8,3.4,70.8
2.5,98.0,82.2,64.5,6.4,4.0,72.4
7.7,85.0,51.5,43.3,5.7,1.5,48.4
3.7,94.0,73.4,76.0,6.5,0.2,78.1
7.0,100.0,89.6,84.4,6.5,4.7,87.2
2.4,91.0,45.9,59.6,7.1,1.7,52.8
7.2,90.0,72.8,76.6,5.1,0.5,79.8
2.2,62.0,73.9,71.7,5.3,2.5,64.8
4.8,50.0,81.7,96.9,7.4,3.8,79.4
3.2,91.0,51.4,41.7,6.0,1.1,52.2
7.7,84.0,50.2,50.2,8.3,1.3,56.1
3.4,77.0,77.8,75.5,7.3,1.2,71.2
8.9,89.0,74.5,55.0,7.7,5.0,63.9
9.0,84.0,73.8,72.1,8.7,1.0,73.9
2.8,100.0,75.2,95.1,6.6,2.9,80.0
6.5,86.0,59.8,66.1,6.3,4.6,61.5
1.8,74.0,73.5,76.9,8.0,0.7,75.0
4.5,100.0,74.4,59.5,7.6,4.9,60.7
7.4,82.0,59.3,58.2,6.8,4.7,52.6
6.9,93.0,98.0,84.3,8.7,4.4,86.4
6.6,78.0,77.1,72.5,6.7,1.1,72.5
3.5,75.0,52.1,76.7,7.0,3.2,71.9
4.4,86.0,79.8,84.6,7.0,3.8,78.9
1.9,85.0,55.4,49.9,5.9,4.9,47.4
7.5,92.0,81.8,82.0,7.1,0.9,81.5
5.5,81.0,87.4,88.4,8.7,3.8,76.3
7.4,57.0,57.7,78.3,7.5,1.7,61.8
3.2,79.0,84.5,99.6,7.0,0.9,86.0
3.9,97.0,76.2,63.5,6.8,2.1,70.8
4.0,81.0,82.3,69.7,7.4,4.0,71.5
1.2,81.0,98.5,74.0,7.9,2.3,88.7
4.1,100.0,66.3,67.0,7.7,2.7,73.1
8.2,74.0,58.7,70.8,6.6,5.0,59.6
9.1,62.0,56.7,75.8,7.4,2.0,55.4
5.7,83.0,57.8,63.7,7.6,3.1,61.4
5.1,78.0,68.8,67.5,5.8,1.8,73.0
1.3,71.0,75.1,76.9,7.2,2.0,75.4
8.9,82.0,74.2,64.5,4.4,3.5,65.3
1.1,92.0,82.4,100.0,7.6,4.7,84.4
9.5,85.0,70.2,52.8,7.8,2.7,65.9
5.4,90.0,91.8,87.3,7.9,3.8,87.3
4.1,100.0,66.0,93.9,6.5,0.4,74.1
9.3,80.0,100.0,90.1,7.4,1.1,96.5
1.2,89.0,79.4,75.4,8.7,2.5,75.8
6.2,77.0,57.1,60.0,8.7,0.1,55.9
5.9,72.0,53.9,60.2,7.0,1.3,53.6
3.0,76.0,77.2,92.8,7.2,2.6,76.7
4.9,78.0,66.6,43.4,8.3,0.1,59.8
6.9,90.0,80.7,96.8,5.2,1.3,84.8
7.5,100.0,77.1,59.2,6.6,2.6,71.8
1.0,74.0,68.9,68.1,8.6,2.9,66.8
9.4,79.0,57.3,59.2,8.2,4.6,49.1
2.5,84.0,47.3,65.4,7.4,3.2,56.7
3.1,91.0,63.3,48.8,5.2,2.1,52.7
3.4,89.0,82.8,85.3,6.9,4.7,68.9
1.3,100.0,73.2,98.2,6.3,3.9,75.5
2.1,50.0,51.3,44.4,7.4,1.0,45.0
9.9,50.0,72.6,75.8,6.0,0.7,65.5
3.8,78.0,75.8,67.5,5.8,3.4,59.4
2.0,100.0,56.7,69.2,4.5,2.8,53.1
2.0,62.0,72.3,73.6,8.5,3.9,65.2
7.5,50.0,70.9,64.8,6.5,3.7,64.8
8.7,94.0,52.9,67.6,7.2,3.1,60.4
3.3,89.0,75.4,96.9,7.0,4.9,77.0
1.2,69.0,78.4,74.8,5.7,2.7,67.2
3.0,70.0,86.2,90.4,5.5,0.6,74.1
1.5,70.0,85.8,66.0,5.8,4.1,61.9
1.9,87.0,49.3,48.1,6.1,1.3,49.1
4.9,76.0,55.9,69.2,7.4,3.9,56.0
3.1,92.0,77.7,94.4,6.0,4.8,79.0
5.6,50.0,77.7,80.9,9.1,3.5,68.2
3.3,72.0,77.7,72.9,8.2,3.0,71.6
9.5,68.0,100.0,90.0,8.0,2.3,89.3
9.2,81.0,78.6,62.1,6.9,1.8,68.2
6.1,77.0,87.0,89.5,8.8,1.8,82.5
4.2,97.0,84.3,91.2,6.7,3.2,85.6
4.4,57.0,79.8,72.4,7.0,3.8,58.4
4.7,86.0,65.3,63.5,7.2,3.4,59.4
7.5,93.0,81.4,82.0,7.8,1.0,79.7
5.1,100.0,58.4,59.8,7.8,2.5,61.8
8.7,78.0,66.4,69.1,6.4,4.0,61.1
9.5,90.0,62.7,92.8,6.4,2.4,72.6
4.0,58.0,71.2,69.8,7.8,2.7,63.2
6.0,50.0,100.0,85.7,7.9,3.9,82.7
1.9,98.0,42.0,47.4,6.5,3.3,41.4
2.8,85.0,80.3,87.1,5.1,2.0,71.5
4.7,100.0,45.8,55.3,6.8,4.5,45.1
2.9,64.0,62.9,60.0,7.7,0.8,61.4
8.9,93.0,86.3,97.7,9.2,5.0,81.9
2.4,100.0,71.0,89.6,5.6,0.6,71.9
5.1,91.0,53.8,55.1,6.5,0.1,66.8
6.5,89.0,59.3,43.2,6.5,4.5,52.7
7.2,85.0,80.2,90.2,8.6,1.2,87.0
4.4,61.0,59.0,57.2,7.0,3.6,50.9
8.8,100.0,73.2,83.4,5.9,4.1,65.4
6.1,76.0,70.7,48.8,7.7,4.3,62.0
5.0,93.0,60.2,76.8,6.5,5.0,63.2
1.6,62.0,100.0,75.5,5.5,1.5,81.3
5.2,67.0,79.5,86.5,5.9,3.6,70.5
8.4,100.0,39.6,53.9,9.1,0.6,48.1
6.5,80.0,72.8,62.2,7.5,2.0,67.0
8.5,100.0,60.1,61.2,7.1,4.2,60.7
5.4,84.0,82.8,87.9,6.7,1.8,86.0
2.1,57.0,58.1,66.1,7.4,3.0,54.6
1.1,98.0,68.3,78.0,7.3,2.5,71.2
3.7,76.0,77.6,100.0,7.4,3.2,76.7
7.3,95.0,83.0,61.0,7.1,4.9,72.2
8.1,85.0,52.0,80.6,8.0,0.3,59.2
3.7,62.0,65.0,70.2,7.0,2.9,59.6
5.5,87.0,62.9,56.9,5.8,4.3,42.9
4.8,100.0,60.2,50.2,6.3,2.4,57.2
4.7,92.0,96.5,85.6,4.6,0.4,85.9
3.1,84.0,76.1,86.7,9.4,2.8,70.5
2.2,100.0,51.1,59.1,8.0,1.7,54.0
2.8,88.0,83.8,98.4,6.0,0.8,86.4
1.5,88.0,100.0,72.6,6.7,4.2,72.7
2.8,69.0,85.5,81.1,6.2,2.6,76.1
1.1,89.0,47.2,43.3,8.9,4.7,30.8
6.6,100.0,62.7,72.0,5.3,4.0,57.1
3.8,72.0,89.0,94.0,7.1,3.5,81.6
9.8,100.0,59.4,60.6,6.9,0.0,74.0
2.7,84.0,76.7,44.7,8.0,2.1,66.0
4.1,72.0,81.6,81.4,6.9,1.0,78.7
4.2,100.0,56.1,68.9,4.9,4.6,53.8
1.1,81.0,69.1,76.3,6.7,0.9,65.1
8.6,96.0,21.4,57.7,5.8,1.4,37.6
1.3,81.0,54.6,49.9,7.1,2.6,52.8
9.5,84.0,66.2,77.9,8.7,1.3,62.5
9.0,92.0,51.3,75.1,4.9,1.0,61.6
5.8,89.0,94.5,65.3,6.0,3.0,80.1
5.9,55.0,48.5,63.0,6.3,0.4,56.7
6.9,68.0,63.4,62.0,6.5,0.3,68.9
4.5,99.0,72.0,72.2,7.9,1.9,65.1
6.8,83.0,91.6,89.1,6.8,3.6,83.1
1.4,77.0,48.5,53.2,7.5,2.8,43.2
1.5,65.0,87.4,74.4,6.2,2.1,66.4
5.1,69.0,70.2,72.5,7.3,2.8,62.2
5.9,55.0,55.3,50.1,7.9,1.8,62.2
9.0,83.0,76.9,63.1,6.1,4.7,71.6
1.9,76.0,73.0,81.9,7.9,0.3,81.1
8.4,71.0,61.0,52.8,7.1,3.4,61.2
2.9,84.0,71.0,80.6,8.3,4.5,62.6
4.5,90.0,64.2,74.1,6.8,4.0,63.2
3.8,100.0,71.7,52.3,7.5,0.9,72.0
4.6,62.0,79.9,69.8,7.0,1.5,74.9
2.4,100.0,93.8,100.0,6.9,3.6,87.0
5.5,100.0,51.4,49.1,7.3,0.4,51.4
8.2,73.0,100.0,84.4,7.6,4.1,100.0
5.0,88.0,40.7,60.0,5.5,3.6,44.5
5.4,78.0,67.7,80.0,8.7,3.6,62.7
8.6,88.0,78.8,74.3,4.8,0.5,75.0
7.4,100.0,74.2,67.4,6.2,3.6,70.8
5.4,94.0,60.7,83.5,6.9,3.4,67.6
3.3,93.0,66.9,91.0,7.5,4.2,75.5
9.0,79.0,62.6,79.3,8.9,0.2,66.3
6.2,63.0,61.2,67.7,4.8,0.1,52.9
3.0,82.0,82.7,69.9,6.4,1.9,74.7
3.4,100.0,75.4,65.2,4.4,0.7,65.1
8.2,62.0,59.6,72.0,7.0,2.8,67.3
1.4,69.0,83.5,85.1,7.3,4.6,77.6
9.9,87.0,74.6,91.6,8.9,2.0,76.5
2.2,70.0,82.2,87.1,7.1,4.2,68.0
8.2,73.0,79.4,59.6,8.3,0.0,68.2
4.6,79.0,57.6,77.2,7.7,0.8,64.2
5.4,65.0,61.6,55.0,6.5,0.2,62.2
8.9,70.0,81.2,74.1,5.3,1.6,72.5
4.7,96.0,79.2,80.5,7.3,4.5,73.3
5.8,65.0,69.7,95.8,5.2,0.5,69.4
1.4,61.0,71.8,100.0,8.6,3.0,67.3
1.0,76.0,89.2,90.8,6.8,2.3,70.4
3.2,96.0,61.1,64.5,8.4,4.7,52.2
7.1,82.0,78.2,83.3,6.4,0.6,77.5
2.1,78.0,67.0,80.8,7.3,1.1,74.2
2.0,86.0,66.7,66.2,7.3,0.1,63.8
4.7,59.0,86.5,100.0,6.9,2.2,83.7
6.8,92.0,82.4,82.2,6.5,1.4,83.9
7.4,91.0,82.2,85.3,7.5,4.3,85.0
2.6,79.0,89.6,91.7,5.9,3.0,87.1
1.7,100.0,70.3,77.2,5.5,3.1,67.1
9.5,68.0,80.2,88.2,8.5,2.7,74.1
3.3,100.0,65.3,61.8,7.9,0.5,64.6
8.7,87.0,74.9,68.2,7.1,2.2,72.8
8.8,80.0,68.0,57.6,9.0,5.0,55.2
8.0,85.0,71.5,78.1,6.7,4.2,73.2
2.5,83.0,78.9,86.7,8.6,4.5,72.5
8.4,100.0,57.7,70.1,7.2,4.1,65.7
7.9,69.0,100.0,100.0,5.8,0.5,100.0
6.4,74.0,54.9,62.9,9.2,1.1,61.8
4.0,100.0,51.8,69.1,8.2,0.0,62.2
3.4,76.0,87.4,69.3,6.9,1.5,83.4
2.1,99.0,81.9,74.5,7.9,0.5,77.6
5.6,100.0,79.4,86.0,6.5,2.4,86.5
6.3,79.0,79.4,87.8,8.0,3.4,81.2
4.2,95.0,69.8,68.4,4.1,4.4,61.5
5.3,68.0,56.5,63.1,5.8,3.7,53.6
4.3,96.0,71.1,54.5,8.2,4.7,59.2
6.8,88.0,59.8,61.6,6.7,0.3,59.2
9.1,92.0,84.6,91.5,7.2,0.1,89.5
2.5,75.0,67.8,77.6,5.4,3.3,69.0
4.4,60.0,57.6,70.6,9.2,1.4,52.0
2.3,93.0,65.2,69.7,8.4,1.3,68.2
6.6,54.0,76.2,75.8,6.8,1.7,75.4
7.6,80.0,61.5,59.0,6.5,1.3,61.9
9.4,99.0,57.7,73.0,8.2,2.6,70.4
3.5,88.0,73.7,79.2,9.4,2.2,53.7
9.6,100.0,73.7,80.1,8.1,2.6,70.8
1.6,100.0,62.4,61.1,9.6,3.4,48.2
6.4,75.0,62.9,41.9,5.9,1.9,52.8
1.5,85.0,73.5,87.3,6.0,1.3,74.9
9.0,84.0,48.3,53.2,5.6,0.8,54.9
5.8,61.0,48.9,49.0,7.5,1.7,50.6
7.0,71.0,59.2,73.9,7.2,3.7,63.3
8.5,77.0,66.8,65.4,6.8,3.8,60.1
2.4,54.0,74.7,87.5,8.0,3.3,61.9
1.3,86.0,92.1,92.7,8.5,1.2,86.2
8.9,81.0,82.9,87.9,5.2,2.9,74.9
3.8,60.0,67.6,54.2,6.3,2.9,51.0
2.2,91.0,69.7,86.4,8.0,2.4,75.1
5.2,96.0,55.0,66.1,6.4,2.7,66.4
6.4,88.0,69.7,67.4,6.0,2.5,75.5
1.3,80.0,65.7,71.1,8.2,2.8,61.4
3.5,94.0,74.8,53.6,5.5,3.6,66.6
1.3,95.0,57.6,69.5,6.6,0.5,68.8
4.8,90.0,77.8,64.3,7.4,3.7,68.0
9.1,73.0,93.0,69.6,6.3,0.7,89.8
9.8,89.0,68.4,52.8,7.9,0.3,69.8
6.7,100.0,76.0,89.0,6.3,4.9,80.5
2.5,76.0,80.4,70.7,8.7,4.8,66.3
9.2,100.0,64.0,86.8,6.8,0.3,82.8
5.6,77.0,73.4,67.6,7.8,2.2,70.3
2.4,85.0,70.2,51.6,7.9,0.9,57.5
9.3,75.0,71.5,59.5,6.2,2.4,73.6
7.8,88.0,58.4,79.9,4.5,4.2,52.4
7.6,59.0,70.4,70.3,7.4,4.8,68.7
7.4,77.0,77.5,69.9,7.1,3.2,72.0
2.8,69.0,91.8,87.0,7.7,1.8,88.3
2.9,87.0,84.4,86.7,6.7,3.0,85.0
7.2,100.0,100.0,100.0,6.5,1.6,100.0
3.0,95.0,58.5,82.5,9.4,4.5,57.6
4.9,50.0,83.1,75.5,5.2,4.4,68.4
8.0,100.0,72.8,57.7,7.9,2.8,60.9
8.1,89.0,100.0,85.0,6.3,1.6,94.2
5.1,73.0,57.9,67.8,6.6,1.5,55.9
8.1,87.0,57.4,52.9,6.6,0.2,63.1
8.5,88.0,61.0,55.1,6.0,4.1,53.3
6.9,75.0,38.1,57.0,7.7,2.3,40.6
3.1,88.0,62.1,66.7,8.7,1.6,67.9
3.5,76.0,58.6,65.6,7.6,2.4,63.5
3.8,79.0,72.3,64.3,7.1,4.1,65.0
2.1,75.0,75.1,72.3,5.8,0.6,70.9
3.5,64.0,98.1,77.8,7.6,4.3,79.5
2.9,87.0,84.3,91.2,9.6,4.5,73.4
5.1,94.0,61.3,79.2,6.5,4.7,61.0
9.2,93.0,56.5,41.8,6.5,2.0,61.9
1.9,97.0,77.4,65.3,6.3,1.1,72.3
7.5,90.0,50.2,42.2,6.4,1.9,50.8
7.2,77.0,97.5,80.7,4.0,1.7,78.7
1.9,98.0,87.7,81.6,7.5,0.9,81.5
9.3,65.0,63.0,50.4,6.0,3.0,58.2
6.1,71.0,44.3,45.5,5.1,2.4,39.4
4.3,71.0,90.3,72.1,7.9,4.3,77.6
7.8,100.0,68.3,73.5,5.7,0.2,79.4
3.3,99.0,88.6,84.0,6.6,3.2,80.3
7.2,92.0,46.1,49.0,8.8,3.8,45.4
1.4,100.0,61.0,68.7,5.3,3.8,59.2
8.6,72.0,70.1,65.5,5.2,4.4,58.7
5.0,90.0,70.7,69.2,7.3,3.6,70.4
6.7,83.0,63.2,88.0,8.4,4.6,67.1
3.0,98.0,79.3,93.7,5.1,1.7,83.0
7.1,83.0,54.0,46.8,7.5,2.5,51.4
8.0,79.0,67.9,80.7,7.7,0.1,69.8
5.3,93.0,71.8,82.8,4.5,0.0,69.7
6.6,98.0,77.7,62.9,8.0,1.2,71.2
5.1,75.0,80.7,88.2,8.1,0.5,82.8
9.0,84.0,53.1,80.3,6.6,1.3,59.6
5.5,69.0,47.0,44.7,8.5,0.9,57.1
8.6,50.0,89.2,72.5,8.4,0.1,84.7
8.2,88.0,75.0,87.2,7.1,4.5,75.2
4.7,94.0,58.8,68.5,6.5,0.0,70.4
3.1,89.0,93.3,92.6,5.8,3.7,77.2
4.7,56.0,71.7,77.1,7.0,0.8,81.3
8.4,80.0,87.7,87.3,7.7,4.6,78.5
3.0,52.0,71.0,56.7,6.6,4.5,56.4
5.7,100.0,100.0,100.0,4.4,3.3,79.4
8.3,69.0,96.3,100.0,8.5,3.4,89.5
4.2,100.0,66.3,67.0,7.2,0.0,66.5
6.8,99.0,84.6,80.2,6.5,4.9,80.0
3.2,71.0,79.7,59.4,8.0,4.4,62.5
2.0,68.0,90.5,90.5,8.8,4.5,69.8
8.1,90.0,55.5,70.2,4.0,3.3,47.1
1.9,72.0,80.3,77.4,7.5,1.7,74.7
3.4,87.0,85.9,95.0,5.3,4.5,71.9
8.7,78.0,43.6,52.2,7.6,1.5,47.1
4.1,58.0,52.3,68.1,7.2,2.8,55.9
9.8,52.0,39.4,41.4,7.8,0.5,54.6
9.8,88.0,66.0,69.3,6.4,4.6,67.5
3.4,77.0,80.8,76.4,4.8,0.7,67.4
1.4,77.0,92.5,88.2,6.5,1.1,82.9
7.3,95.0,71.1,68.2,7.5,2.8,71.4
5.1,100.0,94.4,85.1,8.2,3.8,84.5
1.9,81.0,49.3,69.5,5.6,3.1,54.3
7.4,80.0,44.4,51.4,8.2,1.2,50.6
1.3,93.0,69.2,52.2,6.2,0.0,69.2
8.8,65.0,75.8,96.5,7.4,3.8,74.2
2.2,88.0,69.5,88.3,6.4,4.9,73.7
2.1,93.0,39.0,37.9,7.2,4.0,38.4
2.6,95.0,68.7,79.5,8.1,2.3,65.0
9.6,56.0,50.4,54.2,5.5,4.5,55.1
7.2,74.0,80.0,81.2,6.2,2.0,68.9
8.2,72.0,75.5,78.8,7.2,2.6,70.5
4.6,86.0,55.9,60.7,9.9,2.4,45.7
4.0,92.0,62.3,58.0,6.0,2.2,72.4
3.1,100.0,54.1,54.2,9.4,3.9,55.5
5.3,78.0,69.1,60.4,9.4,2.6,64.8
6.0,78.0,84.3,70.6,6.9,1.6,77.1
6.7,100.0,55.2,62.3,6.6,1.3,74.0
3.3,89.0,77.6,67.9,6.2,0.2,77.0
9.5,100.0,62.0,75.4,6.9,2.9,73.6
2.5,89.0,58.1,82.7,5.3,1.1,63.4
9.7,68.0,68.4,64.1,6.9,0.7,68.4
1.1,65.0,54.5,65.6,8.8,3.3,46.1
5.3,62.0,61.7,73.0,6.3,3.4,58.6
4.0,95.0,52.0,66.9,6.7,3.8,59.2
5.0,100.0,99.5,90.6,5.0,2.5,90.8
6.1,100.0,70.5,81.2,7.4,4.5,71.7
4.9,98.0,59.5,71.5,7.3,4.7,68.4
4.7,100.0,73.2,59.1,7.1,4.0,54.7
7.6,76.0,68.3,81.4,6.7,3.2,72.0
7.2,68.0,66.7,80.7,6.6,1.5,72.8
8.5,98.0,79.2,68.4,7.6,4.9,78.8
3.2,91.0,81.4,79.3,7.0,1.4,79.4
6.5,87.0,62.0,75.4,7.4,1.0,69.7
6.3,91.0,61.4,64.3,7.3,2.2,68.8
4.3,90.0,65.9,82.4,8.3,0.3,77.9
5.4,100.0,35.5,79.6,7.8,4.9,47.5
3.8,100.0,47.3,48.9,7.2,2.9,52.2
2.3,93.0,90.5,67.7,8.8,2.8,83.2
2.9,98.0,94.7,90.5,7.5,3.3,78.5
1.9,93.0,66.3,78.4,8.6,2.5,61.7
7.1,78.0,78.6,74.4,7.7,0.2,84.9
6.9,96.0,74.7,92.2,4.8,3.1,78.3
9.6,64.0,100.0,73.9,8.6,3.6,84.6
7.6,100.0,86.8,90.4,7.2,2.1,86.3
1.5,67.0,68.1,63.6,6.9,3.8,54.8
9.0,89.0,55.7,84.0,7.3,1.1,65.6
8.8,72.0,45.9,81.5,6.6,1.1,66.1
5.0,93.0,73.1,64.6,7.3,0.8,70.5
6.3,84.0,58.7,58.6,6.3,1.9,60.8
9.8,61.0,48.7,69.5,8.5,4.2,45.8
5.8,91.0,60.3,61.5,6.9,4.1,63.8
9.1,76.0,53.8,61.7,6.5,1.9,56.0
1.7,98.0,95.3,87.5,5.9,2.9,85.5
2.7,85.0,83.2,56.9,7.3,3.6,62.8
5.0,91.0,69.9,71.8,7.2,1.2,65.0
6.3,71.0,92.2,77.0,7.5,0.8,84.9
8.3,76.0,71.2,66.8,5.8,4.9,57.8
9.9,78.0,57.1,81.6,5.1,3.1,69.4
4.5,98.0,92.8,70.6,7.8,4.9,71.0
1.4,100.0,78.1,86.6,8.8,1.7,71.1
8.2,73.0,54.4,59.3,5.8,3.5,53.5
6.4,100.0,67.1,66.9,8.9,1.1,65.7
2.8,52.0,56.9,73.6,7.3,1.3,52.4
5.5,67.0,49.3,63.6,7.0,2.6,48.2
7.7,71.0,83.9,87.2,6.5,1.6,77.4
7.9,65.0,98.6,100.0,5.3,0.8,90.0
5.5,61.0,49.0,55.4,8.2,1.3,58.5
3.7,91.0,78.4,69.7,6.1,0.2,77.0
9.8,82.0,60.2,53.1,6.1,3.5,63.2
7.0,91.0,62.7,57.7,8.2,2.5,64.1
4.7,95.0,61.1,100.0,4.7,0.5,74.6
3.5,89.0,57.0,79.2,5.2,0.9,49.1
7.6,95.0,70.7,56.2,7.0,0.5,70.4
3.2,84.0,57.5,48.7,7.4,3.1,59.8
2.5,67.0,74.1,80.2,7.6,0.5,69.7
5.8,100.0,69.2,78.1,6.6,3.8,79.2
3.6,76.0,66.4,76.4,10.0,0.1,65.8
6.7,71.0,56.4,60.8,6.7,1.2,57.0
2.1,82.0,61.3,65.3,6.7,4.5,54.8
6.9,71.0,81.3,82.7,6.0,3.6,70.7
3.5,79.0,77.5,77.5,7.1,0.4,74.0
1.0,90.0,55.3,36.6,7.7,4.1,40.5
2.1,90.0,71.5,70.1,8.4,2.5,68.1
9.4,72.0,81.3,68.5,5.2,4.2,62.3
8.8,78.0,45.0,59.1,6.7,3.0,53.8
3.1,100.0,78.2,100.0,7.5,3.4,83.6
8.0,92.0,60.1,70.4,7.7,5.0,54.0
6.5,100.0,78.6,73.4,7.0,1.2,87.1
9.7,100.0,58.6,76.2,7.7,3.1,68.9
4.4,100.0,42.9,61.5,6.0,2.3,55.2
7.1,64.0,45.6,62.4,8.9,0.2,46.3
1.6,96.0,70.7,79.7,8.2,0.1,75.6
4.6,84.0,73.9,99.0,5.4,0.6,83.1
9.7,77.0,56.4,50.3,5.7,3.2,53.2
5.9,88.0,79.6,83.4,5.7,2.8,85.6
3.6,99.0,45.1,45.9,7.8,2.8,48.4
2.1,93.0,69.0,78.1,5.5,0.2,75.2
7.3,72.0,51.8,50.1,6.6,2.3,53.7
6.8,96.0,60.2,61.1,7.5,4.6,62.7
4.4,75.0,70.7,68.9,6.9,2.0,60.7
9.6,88.0,57.1,76.0,7.3,3.1,65.8
1.2,80.0,64.2,79.6,5.7,3.9,56.6
3.7,82.0,85.1,66.1,7.7,3.9,69.4
9.3,96.0,61.3,67.5,6.3,2.6,73.9
3.9,69.0,82.5,71.0,6.6,4.3,70.0
3.3,100.0,53.1,46.7,7.3,2.0,50.4
5.8,58.0,77.9,74.2,7.1,4.4,66.7
8.4,76.0,91.6,81.3,7.0,1.2,81.2
1.9,91.0,32.9,78.9,6.1,1.4,54.6
9.5,94.0,58.0,70.0,6.6,0.3,65.2
8.2,83.0,78.7,60.7,7.0,4.0,73.3
2.6,84.0,67.0,63.4,5.3,2.1,67.3
7.4,91.0,75.6,87.6,6.4,1.1,78.3
4.5,82.0,60.9,91.6,7.5,1.2,72.4
4.6,100.0,71.3,53.7,5.5,4.5,57.4
8.0,98.0,67.7,48.0,8.4,4.2,71.7
9.7,98.0,87.5,100.0,8.5,2.8,92.0
2.1,71.0,73.8,79.0,5.5,3.1,64.9
4.8,84.0,75.1,64.6,8.6,2.4,64.0
5.3,80.0,63.8,74.7,6.8,2.0,66.3
4.4,70.0,62.7,36.0,7.5,4.6,48.6
4.3,90.0,63.5,68.1,6.4,0.6,76.3
1.5,77.0,75.9,79.5,8.1,2.1,64.5
7.2,95.0,63.7,79.3,7.5,1.7,71.6
4.9,69.0,74.3,62.4,6.0,2.5,66.2
2.8,100.0,100.0,91.0,5.6,2.3,90.5
8.3,72.0,83.1,68.7,5.2,2.6,71.8
8.2,88.0,65.1,72.1,7.2,0.7,70.8
5.4,97.0,88.0,72.1,7.7,2.6,85.7
3.7,76.0,63.9,63.4,7.8,1.2,65.6
6.7,98.0,39.4,41.7,6.9,0.9,50.7
3.6,67.0,54.9,70.7,5.6,0.3,43.9
3.1,100.0,41.9,65.5,6.2,3.8,50.7
7.6,85.0,64.7,66.0,8.4,2.1,57.0
1.4,76.0,70.3,72.6,6.4,3.1,67.0
1.9,81.0,95.1,69.7,7.2,3.6,85.9
1.1,97.0,74.9,71.3,5.7,3.4,63.1
2.4,76.0,66.7,69.4,7.4,2.4,62.6
1.6,74.0,82.4,100.0,6.5,1.9,77.4
10.0,82.0,36.8,38.8,8.3,1.9,47.5
3.6,67.0,73.5,91.7,7.9,3.2,71.5
2.3,100.0,81.6,90.9,6.4,2.5,89.0
3.2,77.0,47.8,62.1,6.8,4.2,50.5
9.4,97.0,87.2,100.0,6.3,4.4,88.4
5.7,88.0,75.1,79.5,5.3,0.9,74.7
4.3,70.0,63.8,72.9,6.0,0.7,68.6
8.9,85.0,79.5,77.1,7.2,3.2,69.3
4.6,97.0,100.0,100.0,7.4,1.5,97.8
4.0,82.0,72.7,86.8,7.2,0.1,77.2
2.9,100.0,73.7,66.7,6.6,4.4,71.5
4.4,100.0,63.1,52.0,8.1,1.1,62.1
3.9,99.0,57.3,61.9,7.1,4.6,52.9
7.1,78.0,82.5,69.9,7.8,3.6,74.1
3.6,69.0,57.2,63.5,4.9,3.8,44.2
6.2,76.0,71.1,87.5,4.0,1.0,56.1
1.6,88.0,62.8,62.2,7.3,1.2,65.6
2.7,93.0,77.2,75.8,5.3,2.6,73.4
4.7,52.0,75.0,75.7,6.7,0.9,72.9
9.4,85.0,85.6,91.5,6.6,1.5,92.8
4.4,87.0,62.3,40.4,8.9,1.6,51.1
7.0,81.0,66.0,62.3,7.5,0.8,60.9
3.3,100.0,55.3,65.7,7.2,1.0,62.2
2.1,91.0,63.3,82.4,8.0,3.9,62.1
1.5,100.0,75.7,69.5,7.4,0.8,70.2
3.7,82.0,81.4,56.3,6.5,0.1,74.0
2.4,99.0,56.2,71.1,8.3,3.1,55.6
2.6,100.0,83.0,72.2,5.7,4.9,64.0
7.8,100.0,90.3,69.9,7.4,1.7,83.9
1.1,69.0,76.2,68.2,5.1,0.6,60.1
6.0,81.0,98.2,86.7,7.2,2.9,90.6
4.4,80.0,58.4,57.8,7.2,4.5,51.9
5.6,92.0,51.3,34.3,9.0,3.9,48.4
6.1,95.0,43.3,66.8,5.1,3.1,56.4
3.8,72.0,92.4,100.0,6.3,1.6,91.3
3.7,86.0,79.8,85.7,8.0,2.7,69.8
7.6,55.0,69.2,57.8,7.4,0.5,71.9
8.8,100.0,74.2,72.1,7.2,3.4,81.7
2.7,77.0,53.1,61.8,5.9,3.6,51.0
1.9,86.0,100.0,97.2,6.3,4.8,93.4
9.1,80.0,71.9,81.2,8.5,1.3,70.7
4.1,100.0,71.6,64.2,6.9,0.1,65.6
6.0,50.0,80.9,79.5,7.5,2.7,69.3
4.2,85.0,77.2,81.8,6.9,3.5,82.1
2.1,83.0,73.4,91.5,5.6,4.0,62.8
6.3,78.0,58.1,73.3,8.1,1.0,63.3
5.7,100.0,77.1,85.7,7.6,1.3,81.4
2.8,72.0,98.2,89.9,9.8,2.6,75.9
5.1,97.0,90.2,100.0,5.8,1.7,88.0
8.2,90.0,93.9,91.3,8.0,4.3,87.4
6.3,100.0,62.3,57.1,5.4,2.4,58.9
1.9,75.0,55.2,79.9,7.2,4.0,50.0
5.9,74.0,68.1,79.2,8.2,2.9,67.8
7.3,100.0,70.8,67.2,4.5,3.9,67.6
8.1,91.0,86.4,76.1,6.8,1.7,87.9
6.7,62.0,44.6,60.3,6.3,4.2,42.1
2.4,77.0,92.9,91.3,6.2,1.4,80.3
7.4,91.0,67.6,72.9,7.5,2.7,68.5
7.1,98.0,63.6,71.9,8.3,1.1,75.7
1.2,75.0,54.8,83.3,6.8,2.4,61.5
4.7,50.0,45.2,70.0,7.2,1.6,53.2
4.0,93.0,82.3,81.7,7.1,1.3,85.7
7.0,67.0,71.1,84.0,7.0,4.8,69.9
2.9,55.0,50.7,48.0,5.7,0.8,47.1
6.3,50.0,50.6,65.1,8.3,3.9,50.3
9.2,97.0,65.0,90.7,7.4,4.9,68.6
8.2,87.0,95.0,84.4,7.5,0.1,86.4
9.3,82.0,66.1,59.5,6.0,3.5,66.1
9.8,100.0,47.5,50.6,6.4,1.3,62.0
1.1,95.0,66.3,56.7,6.8,0.2,59.9
6.6,100.0,65.9,60.1,5.2,2.0,67.6
4.7,64.0,29.5,43.3,5.0,4.7,34.2
8.7,84.0,69.2,54.6,6.3,0.1,69.3
3.3,61.0,66.5,70.1,7.6,2.9,57.5
9.8,82.0,80.4,89.1,6.2,2.5,81.4
6.5,81.0,97.7,77.7,5.8,4.4,80.8
8.1,94.0,86.9,100.0,6.0,0.4,88.8
1.8,86.0,66.0,75.7,6.5,3.4,65.9
2.7,94.0,53.4,74.4,6.6,3.4,51.2
7.8,96.0,100.0,82.1,9.6,3.3,77.1
1.2,100.0,70.9,82.8,8.3,4.7,66.6
8.4,80.0,70.2,59.0,8.2,4.1,62.9
1.1,71.0,69.6,82.5,8.4,0.2,69.0
6.9,89.0,73.0,75.8,5.8,2.4,80.8
4.3,73.0,67.8,77.3,5.5,2.0,66.1
6.5,100.0,61.4,52.7,5.7,1.6,64.6
7.3,81.0,61.8,56.3,8.6,2.3,54.1
4.1,77.0,69.5,78.9,6.3,1.9,73.0
2.0,78.0,61.8,55.7,5.5,2.2,52.7
1.6,96.0,59.3,71.1,6.5,4.9,58.2
6.3,83.0,71.6,56.6,6.7,0.4,69.5
5.7,75.0,66.2,79.9,7.3,4.6,69.6
7.7,100.0,92.6,70.7,7.3,2.4,80.5
5.6,72.0,30.2,54.8,6.0,3.1,27.4
4.8,86.0,86.4,89.3,7.8,4.2,79.5
4.6,95.0,88.7,74.9,6.2,1.8,85.2
1.2,61.0,38.9,60.3,6.8,2.2,42.2
4.0,92.0,64.9,72.0,7.8,2.0,72.4
9.8,69.0,64.4,62.2,6.2,1.9,65.6
8.9,97.0,48.9,47.2,6.3,4.6,48.0
4.0,71.0,58.3,41.4,7.7,4.1,38.6
6.3,95.0,53.3,66.2,6.0,0.5,61.0
8.6,100.0,96.3,69.0,6.5,0.5,95.8
5.0,98.0,84.0,81.6,7.7,2.1,80.6
1.2,89.0,89.1,80.3,9.5,0.5,76.1
1.7,82.0,80.8,86.6,7.7,3.1,76.9
5.6,76.0,53.1,58.2,7.6,0.7,52.7
9.7,100.0,62.1,63.3,7.6,2.6,69.1
7.2,75.0,77.3,85.2,5.7,0.0,85.9
1.6,69.0,51.7,65.0,7.1,1.6,52.4
2.7,95.0,80.7,82.2,7.0,3.4,72.1
7.9,73.0,66.4,75.5,7.4,2.4,67.5
8.6,71.0,64.4,50.2,7.1,4.9,46.6
6.6,63.0,80.7,87.5,7.5,4.4,75.9
6.8,78.0,76.7,83.3,6.6,1.8,79.2
1.3,84.0,64.6,56.6,7.1,0.2,70.0
8.5,89.0,87.4,79.5,5.5,4.2,77.9
8.1,99.0,53.8,61.8,6.6,4.6,59.4
3.3,93.0,79.2,75.9,8.7,4.1,66.6
7.4,82.0,78.9,81.3,7.4,0.6,79.0
2.9,82.0,65.4,86.4,7.0,5.0,58.0
1.4,93.0,74.9,87.9,9.3,1.3,69.3
2.8,100.0,51.2,45.0,5.4,3.6,46.1
2.6,87.0,83.9,87.8,5.7,4.5,76.6
4.0,78.0,67.2,86.3,9.1,1.2,64.0
4.8,70.0,62.2,71.9,7.1,4.5,59.8
5.6,63.0,85.7,94.5,6.7,1.5,81.6
5.3,95.0,59.4,89.8,5.6,4.9,61.8
3.4,94.0,48.9,71.6,7.5,1.4,58.8
1.3,94.0,46.7,61.0,7.7,4.8,47.2
6.4,83.0,79.1,90.0,5.7,0.3,84.7
4.6,100.0,50.8,62.2,6.8,3.5,55.5
3.7,78.0,96.3,88.1,6.6,2.7,85.5
8.8,99.0,38.8,49.0,7.3,2.4,48.2
7.7,84.0,95.4,100.0,5.7,1.1,89.7
8.7,76.0,73.2,64.1,8.5,3.5,63.9
5.5,94.0,68.5,89.5,8.1,1.0,84.7
2.2,91.0,61.8,73.1,6.6,2.8,59.0
7.3,90.0,76.0,58.8,6.7,1.3,72.3
2.9,86.0,69.4,76.1,6.8,4.8,63.8
5.0,84.0,86.5,56.7,6.1,0.1,77.0
1.6,100.0,71.7,80.5,6.5,1.0,72.6
8.4,100.0,72.3,84.0,6.7,1.2,80.8
2.1,96.0,64.5,61.6,8.9,2.1,51.7
9.1,87.0,69.1,73.0,8.1,1.2,76.5
8.8,100.0,74.6,98.2,8.1,2.5,84.2
5.2,93.0,44.3,50.5,7.4,4.4,41.5
7.7,85.0,49.8,47.2,5.7,3.6,38.6
6.6,80.0,81.1,96.5,7.0,2.9,77.5
8.2,84.0,72.6,97.1,8.2,0.4,79.0
4.9,50.0,67.2,70.4,5.5,3.5,69.7
8.1,88.0,70.3,84.3,7.8,0.8,78.9
5.2,78.0,75.2,91.2,9.8,3.9,56.9
9.5,100.0,61.9,58.2,8.3,1.3,62.2
5.4,85.0,58.3,59.2,8.7,2.1,56.6
5.2,67.0,72.9,88.5,7.3,1.8,75.1
8.1,84.0,55.3,83.4,8.2,4.3,54.7
8.4,69.0,76.1,82.4,6.1,0.6,76.3
6.0,92.0,44.5,46.1,8.0,2.8,44.6
2.6,89.0,85.4,100.0,7.8,0.7,81.8
5.2,99.0,77.1,69.9,7.3,3.5,75.1
9.7,73.0,73.8,70.3,8.6,4.5,69.1
7.8,86.0,84.7,85.0,6.4,2.2,86.8
8.3,65.0,95.0,100.0,6.8,2.4,92.6
1.3,96.0,85.2,91.4,7.1,4.6,76.5
5.2,93.0,42.4,60.4,5.8,2.6,52.7
6.8,92.0,50.8,66.0,7.3,2.4,60.0
8.5,85.0,60.6,66.9,4.9,2.9,59.1
1.4,91.0,70.4,78.9,8.3,3.4,63.4
8.7,100.0,77.8,46.3,7.1,0.5,72.4
5.9,81.0,59.1,61.9,6.4,4.1,57.9
2.8,87.0,72.8,76.6,6.0,2.2,81.5
3.9,69.0,58.7,51.4,6.7,0.4,59.0
3.5,72.0,60.8,71.1,7.8,3.9,55.3
5.8,86.0,48.9,56.9,7.7,1.9,50.5
1.5,100.0,56.2,84.8,6.2,0.5,63.7
2.4,81.0,49.7,78.7,6.0,3.2,64.2
8.3,81.0,55.4,57.6,7.8,4.4,52.8
2.2,79.0,85.8,79.7,6.1,4.4,78.3
3.1,77.0,55.8,62.6,7.1,4.8,51.1
5.1,89.0,100.0,84.6,7.1,4.3,89.9
5.7,63.0,77.4,78.8,7.4,0.0,79.8
7.9,100.0,72.8,64.6,8.0,1.9,70.0
5.0,75.0,57.1,50.7,5.5,4.1,47.0
8.1,96.0,80.5,85.8,4.7,1.8,84.5
6.6,66.0,61.4,74.4,6.3,3.0,66.0
2.0,95.0,71.8,63.4,9.2,3.0,64.9
2.4,95.0,100.0,100.0,9.4,1.8,91.7
4.9,91.0,68.6,63.6,9.2,4.5,60.7
4.6,70.0,87.2,85.4,6.8,2.5,89.8
7.7,89.0,59.5,75.5,4.9,2.3,60.9
6.2,67.0,69.5,71.3,4.2,5.0,56.5
4.5,81.0,96.6,93.4,6.3,2.5,82.9
2.5,100.0,60.6,60.2,6.8,0.9,60.1
3.0,97.0,97.2,86.0,8.6,2.6,81.5
6.2,85.0,80.6,75.9,8.0,4.1,79.7
4.8,70.0,61.6,58.0,7.3,3.9,45.1
5.6,95.0,79.5,75.6,5.9,3.9,72.6
2.5,85.0,84.6,62.2,5.8,3.5,57.6
7.0,50.0,79.3,71.7,7.3,1.3,68.8
8.7,97.0,46.4,54.4,7.8,4.3,48.7
3.3,85.0,59.1,62.4,7.5,4.5,62.5
5.4,100.0,66.3,66.9,5.8,1.0,70.8
9.8,69.0,68.9,70.6,7.8,0.7,66.4
4.0,50.0,79.3,83.3,7.5,4.9,73.1
6.4,89.0,72.7,84.1,5.7,4.3,70.9
1.8,89.0,50.0,52.2,6.1,4.5,46.9
6.5,60.0,75.7,61.0,7.8,4.4,58.1
1.8,70.0,79.2,65.0,6.7,2.7,63.8
9.6,100.0,78.4,71.2,8.9,3.2,69.4
7.4,80.0,86.2,77.5,7.6,2.7,80.6
8.1,96.0,82.5,70.3,6.4,0.3,83.0
7.3,75.0,76.9,60.6,7.0,3.7,75.6
6.3,54.0,68.9,65.9,7.1,2.5,65.1
5.0,82.0,45.1,59.2,6.1,3.2,36.9
8.7,81.0,76.4,83.0,5.9,2.5,77.0
9.6,79.0,73.1,67.2,7.8,2.5,64.0
5.5,83.0,74.1,69.5,8.0,0.9,68.3
9.4,89.0,50.8,49.4,7.7,1.4,52.3
6.2,83.0,53.8,61.9,8.8,0.8,53.3
5.8,66.0,85.8,71.3,6.3,1.0,72.1
5.1,92.0,69.4,78.5,9.0,4.9,64.6
2.9,56.0,80.2,56.7,5.9,0.8,60.9
1.0,54.0,70.4,67.9,5.8,1.3,62.2
3.2,96.0,70.4,75.9,4.9,3.0,75.3
5.6,93.0,84.1,82.7,6.5,3.1,75.0
4.4,84.0,62.3,99.7,6.4,0.8,72.3
5.0,64.0,71.4,77.1,7.6,4.0,54.6
9.8,74.0,63.1,55.8,7.3,3.9,58.2
4.2,81.0,63.5,66.9,5.6,1.2,65.7
5.1,61.0,65.4,47.9,6.5,1.4,61.8
2.2,74.0,73.3,73.0,6.6,4.7,64.9
1.4,95.0,62.8,57.7,4.9,4.1,56.3
8.0,100.0,88.8,94.3,5.8,3.5,98.4
6.1,79.0,56.6,57.4,6.1,0.4,67.3
7.8,96.0,67.2,68.9,8.7,2.1,64.9
2.3,56.0,63.4,60.4,7.2,2.8,49.5
6.1,95.0,91.7,100.0,7.8,0.9,91.5
3.3,73.0,72.9,69.9,5.2,2.2,60.2
3.1,90.0,85.5,100.0,8.4,3.0,84.1
1.1,81.0,47.7,68.4,8.6,1.6,44.3
2.2,100.0,74.0,80.2,4.6,3.9,64.8
3.8,72.0,83.3,84.4,6.2,4.2,78.4
2.1,94.0,71.2,77.5,7.6,1.6,71.3
9.9,81.0,86.0,58.5,7.8,4.2,69.7
3.8,83.0,62.2,64.0,6.2,0.5,69.3
2.2,82.0,91.1,94.8,6.6,4.2,74.3
2.8,72.0,100.0,89.4,6.3,0.8,89.0
6.3,85.0,64.6,51.9,7.1,0.4,64.8
1.6,84.0,63.3,67.4,8.4,3.2,58.0
8.8,89.0,91.8,100.0,6.1,2.4,91.9
9.7,86.0,93.7,100.0,8.2,4.5,90.9
3.2,97.0,62.2,66.6,6.1,1.8,64.0
5.1,99.0,63.7,79.6,6.0,1.4,68.5
1.2,69.0,65.8,65.1,8.0,2.5,56.6
6.8,98.0,49.8,39.5,8.1,2.3,48.3
4.7,67.0,56.2,52.6,8.0,1.7,57.1
3.4,94.0,54.9,81.7,5.4,3.5,56.0
2.9,94.0,58.5,61.8,6.4,3.8,61.6
6.9,56.0,69.5,68.8,8.0,4.3,61.4
4.7,86.0,73.5,70.5,7.0,4.9,65.5
2.6,78.0,93.3,100.0,5.7,1.3,90.4
7.2,74.0,55.0,82.5,7.5,3.6,57.3
6.1,100.0,84.8,100.0,6.1,2.0,91.1
8.7,75.0,66.8,68.2,9.2,3.4,60.9
2.1,73.0,69.3,75.1,8.9,2.4,59.2
8.1,86.0,80.1,59.9,7.7,5.0,72.2
7.1,95.0,53.2,79.6,8.6,3.6,61.5
2.0,83.0,75.7,61.4,7.1,4.8,69.6
7.3,100.0,72.5,76.1,7.9,4.2,76.3
5.0,93.0,77.4,63.3,8.8,4.5,68.5
9.5,52.0,74.3,67.5,7.3,4.1,60.5
2.3,77.0,100.0,80.0,6.7,2.3,97.6
6.8,77.0,60.4,59.0,5.0,1.3,50.7
4.4,92.0,62.0,60.8,6.9,1.9,68.0
9.6,50.0,60.7,59.8,8.0,0.1,62.0
4.0,100.0,61.7,77.0,8.1,2.6,60.5
9.7,93.0,60.4,53.0,7.6,2.5,61.2
9.1,87.0,87.8,85.3,6.4,2.6,84.7
3.4,100.0,91.3,99.4,4.6,4.9,86.1
8.2,100.0,61.4,60.7,6.4,4.6,58.6
10.0,98.0,57.5,55.9,6.6,0.8,63.3
3.3,99.0,77.1,73.5,6.6,1.8,65.5
4.9,87.0,61.7,81.2,7.7,2.1,74.9
5.7,83.0,79.5,80.0,9.4,1.8,66.8
3.7,78.0,73.0,67.5,7.1,4.0,67.6
1.1,73.0,47.3,64.2,6.7,2.6,48.0
3.0,75.0,93.2,72.7,6.7,2.9,79.7
3.5,65.0,96.9,96.3,7.1,4.3,88.9
5.0,84.0,60.8,71.4,6.0,4.0,67.8
2.5,60.0,64.2,64.8,7.1,0.7,62.6
8.9,88.0,74.3,64.5,7.5,3.6,73.4
7.3,84.0,75.0,64.4,7.3,2.2,73.6
1.8,87.0,79.9,84.3,7.5,1.5,82.1
6.9,77.0,100.0,100.0,7.5,0.3,95.3
6.9,100.0,67.3,62.8,4.9,2.4,68.4
9.6,100.0,58.0,70.3,7.8,1.8,71.5
1.0,66.0,49.3,34.5,6.2,1.3,47.4
3.2,88.0,59.0,58.4,5.7,3.5,52.5
9.4,76.0,69.5,71.3,5.7,3.8,64.7
9.4,70.0,96.9,77.2,7.5,1.2,89.3
7.5,65.0,62.2,56.1,6.7,0.2,56.2
7.9,91.0,73.4,66.0,5.0,4.2,72.1
1.8,75.0,69.8,75.4,7.6,0.0,69.5
5.6,100.0,87.8,80.4,5.3,4.7,79.3
3.1,100.0,100.0,63.1,7.2,3.1,82.8
2.6,100.0,62.0,41.8,7.3,1.6,53.1
8.3,72.0,62.7,60.3,8.1,1.2,59.7
2.2,92.0,85.7,86.9,9.1,0.0,80.9
5.2,94.0,80.2,45.2,5.4,1.2,72.4
9.4,78.0,97.7,82.6,6.9,0.7,93.1
2.7,73.0,78.8,70.9,6.7,3.1,71.8
9.8,100.0,64.6,85.4,7.5,0.8,74.6
9.9,88.0,78.9,72.7,7.3,2.6,79.6
6.0,95.0,86.6,86.6,6.6,3.0,91.0
2.5,73.0,82.3,81.1,6.5,1.5,80.0
3.8,67.0,77.6,51.0,5.7,0.2,70.4
4.8,76.0,86.0,90.8,8.2,0.2,85.6
3.8,83.0,87.5,85.1,7.6,0.1,78.8
3.5,69.0,90.7,90.5,8.1,3.7,75.4
9.8,85.0,79.7,100.0,6.6,1.6,87.6
2.4,60.0,67.5,45.5,6.2,4.0,52.7
7.6,68.0,72.2,94.0,5.7,2.2,75.6
1.0,95.0,88.1,79.4,7.4,2.3,87.8
6.4,94.0,57.7,68.1,5.8,2.6,64.6
9.2,79.0,75.5,74.8,9.2,3.6,72.7
3.6,70.0,64.1,63.4,5.4,1.4,59.9
2.7,70.0,70.4,65.4,7.3,0.6,63.3
6.9,79.0,89.2,87.5,8.9,2.8,80.1
7.4,95.0,72.9,55.5,7.7,1.6,66.8
7.2,99.0,70.7,81.4,7.2,2.2,82.9
3.9,78.0,49.6,54.8,5.8,3.2,52.1
3.3,68.0,81.2,65.2,5.3,2.5,70.0
9.6,89.0,79.7,72.4,7.9,3.1,81.7
9.3,73.0,100.0,100.0,8.8,2.7,81.2
5.1,77.0,65.4,62.8,6.5,3.7,64.0
8.6,100.0,73.3,78.3,5.6,3.5,67.3
5.1,97.0,73.7,65.5,4.1,2.7,61.4
4.8,87.0,93.7,95.3,5.8,3.4,85.5
2.4,66.0,68.6,79.4,6.9,4.4,66.0
4.8,88.0,74.2,96.7,8.9,2.2,75.8
5.8,100.0,79.1,75.4,7.8,2.1,84.5
1.2,79.0,72.8,81.7,7.4,3.8,64.7
5.0,100.0,63.3,69.2,6.5,2.9,69.4
8.0,100.0,72.9,89.3,6.3,0.4,82.7
7.1,100.0,86.1,73.0,8.7,4.5,69.1
6.7,90.0,54.6,71.7,7.2,0.2,61.1
9.2,94.0,72.0,70.9,4.5,3.7,63.4
1.2,100.0,59.5,64.9,6.2,3.8,62.7
6.0,92.0,87.9,83.9,6.0,4.8,82.3
8.1,77.0,47.2,61.3,6.3,0.3,51.1
5.9,78.0,61.6,65.6,7.7,3.0,60.5
3.9,89.0,75.7,78.0,6.9,2.1,84.0
2.2,66.0,93.5,100.0,6.9,1.7,87.5
9.0,83.0,69.0,83.2,8.6,0.5,71.8
5.2,100.0,61.7,77.4,6.2,2.8,69.3
8.9,52.0,98.2,83.5,9.2,2.4,83.7
6.3,100.0,48.3,48.3,6.2,0.5,53.7
7.1,100.0,37.0,63.7,7.1,3.1,52.4
8.2,78.0,76.6,86.5,6.7,3.7,74.2
6.9,93.0,62.5,85.2,7.1,3.8,71.7
4.6,85.0,54.7,55.6,7.5,4.5,53.5
5.6,100.0,80.6,75.6,7.5,2.0,82.0
8.2,100.0,73.7,54.5,6.1,4.8,63.3
4.4,64.0,61.5,62.2,5.7,4.3,49.9
4.5,94.0,50.8,72.4,10.0,1.5,54.2
1.9,82.0,83.1,74.3,6.4,0.8,76.9
9.2,86.0,79.8,85.5,7.8,2.2,81.7
1.8,74.0,68.5,68.8,5.1,2.0,58.7
6.8,100.0,97.7,92.5,6.7,2.9,97.8
4.7,100.0,53.9,48.6,6.8,2.9,52.8
4.7,74.0,47.1,59.3,7.6,3.7,48.0
7.1,65.0,59.6,29.9,4.0,2.5,43.5
1.6,79.0,69.3,69.3,7.2,0.5,73.1
6.3,92.0,73.7,54.6,5.6,4.3,61.8
7.9,89.0,66.4,84.3,7.4,1.5,82.4
8.5,100.0,75.3,84.5,5.8,4.9,75.7
2.5,97.0,51.2,66.3,6.0,0.6,53.8
9.1,100.0,91.7,100.0,6.7,4.8,91.6
6.9,90.0,68.8,59.9,5.7,0.5,66.9
8.9,64.0,86.8,100.0,6.4,1.2,88.8
5.4,82.0,75.1,86.3,5.6,0.2,76.8
5.9,100.0,76.9,73.3,4.8,3.5,69.7
9.3,84.0,78.5,90.8,8.2,4.3,72.6
9.1,93.0,76.7,62.8,5.4,2.2,76.2
5.0,80.0,79.6,67.9,6.8,4.6,65.2
3.5,70.0,89.9,76.7,7.9,3.0,72.8
4.5,83.0,72.9,67.4,6.3,3.2,69.7
4.5,90.0,80.6,65.7,6.0,4.2,78.3
3.6,75.0,68.7,85.9,7.3,1.5,69.7
3.4,81.0,91.6,81.9,8.3,1.8,85.6
8.7,71.0,59.9,70.1,5.6,4.5,62.0
1.6,100.0,97.0,81.4,6.8,4.5,88.3
7.1,81.0,69.4,49.8,4.9,4.9,53.9
2.6,100.0,48.5,62.4,6.5,4.5,46.6
4.1,100.0,71.9,50.2,7.0,0.6,59.9
1.6,84.0,59.8,65.0,6.0,4.1,53.8
3.4,70.0,82.6,63.1,6.5,2.0,77.3
7.9,54.0,60.2,90.0,5.3,5.0,52.7
9.0,63.0,63.3,78.9,7.1,2.4,69.1
3.0,64.0,41.7,56.3,8.3,2.8,37.6
5.2,100.0,63.2,83.1,5.7,2.6,68.8
5.2,87.0,33.6,40.0,6.3,1.6,44.0
8.9,91.0,46.2,64.3,7.6,0.4,55.7
7.9,52.0,81.4,81.2,8.5,4.5,70.3
5.6,67.0,81.8,82.2,5.2,4.0,68.9
7.0,98.0,76.4,91.1,6.8,0.7,87.0
8.6,89.0,55.5,72.1,7.3,3.9,62.0
1.1,83.0,69.3,75.0,6.9,3.1,65.4
4.6,93.0,69.9,52.1,4.0,2.0,62.8
9.2,100.0,52.6,50.1,7.6,1.3,62.1
7.7,82.0,92.6,84.1,8.8,4.3,77.1
5.9,86.0,83.2,81.0,7.1,3.5,78.5
5.8,88.0,66.7,56.4,5.8,2.7,62.0
4.1,100.0,70.4,100.0,6.4,3.0,77.7
5.7,54.0,73.1,92.1,9.1,0.5,81.2
6.9,95.0,39.4,60.8,8.1,2.4,51.3
4.8,83.0,66.3,70.6,7.8,1.0,59.1
7.4,94.0,59.8,63.3,7.4,1.0,63.2
8.8,75.0,55.0,51.6,6.2,3.3,45.0
2.4,84.0,65.8,70.4,6.8,4.6,60.0
5.1,96.0,97.0,91.3,6.9,2.0,84.0
4.7,100.0,79.6,62.9,7.7,1.0,72.9
7.2,97.0,61.4,70.9,8.8,3.2,55.1
3.2,72.0,78.6,75.3,8.3,4.4,69.3
6.8,79.0,91.0,61.7,5.3,3.7,74.2
8.9,78.0,83.9,70.0,7.3,4.3,76.6
4.8,58.0,70.9,67.6,7.9,2.7,63.2
9.2,80.0,60.3,88.8,7.7,3.8,60.2
9.9,96.0,80.5,85.0,6.2,0.7,87.1
2.0,66.0,75.9,59.5,10.0,1.7,63.8
3.1,100.0,83.4,85.9,5.5,1.9,82.0
9.6,92.0,79.5,59.1,5.7,2.6,71.1
9.6,74.0,85.7,94.4,7.3,4.6,75.2
1.9,83.0,62.0,61.5,9.5,4.4,44.8
1.1,100.0,89.8,82.7,6.0,0.7,86.5
2.4,96.0,73.0,89.7,6.7,0.9,82.8
10.0,85.0,100.0,74.6,8.3,1.8,90.5
2.6,81.0,59.7,49.0,7.0,1.5,60.6
5.5,86.0,96.0,80.6,6.6,3.1,90.0
8.6,77.0,73.0,86.2,7.7,4.5,74.1
1.2,53.0,60.2,47.9,7.3,4.8,43.1
6.4,100.0,62.7,33.7,8.2,3.3,56.4
3.5,87.0,65.2,63.7,8.5,4.2,54.8
8.8,91.0,76.4,82.4,7.4,2.6,78.3
3.6,84.0,77.8,91.1,7.4,1.0,81.6
7.2,74.0,61.4,61.3,7.3,2.6,68.4
7.1,82.0,69.6,66.8,7.6,2.8,61.9
3.0,61.0,100.0,100.0,7.1,3.7,90.0
1.3,100.0,95.9,65.1,7.0,1.1,91.3
4.7,66.0,76.5,71.3,8.4,1.8,72.3
3.6,70.0,70.6,74.6,8.8,1.8,68.2
8.3,78.0,71.8,78.5,5.2,4.8,68.0
8.2,100.0,79.2,71.4,7.0,2.2,84.9
5.1,85.0,54.7,63.2,6.2,3.8,50.7
6.5,66.0,66.1,39.8,6.6,3.8,48.9
6.4,100.0,45.0,49.1,7.5,1.3,53.3
8.4,96.0,76.0,81.0,7.8,2.9,67.6
4.8,93.0,79.7,66.0,6.9,4.5,77.6
3.5,96.0,62.8,68.4,4.7,2.4,64.3
3.4,100.0,93.6,91.5,5.8,4.7,83.0
5.8,100.0,51.6,56.9,8.1,1.1,56.6
5.0,75.0,48.0,60.9,4.0,0.4,44.2
5.0,100.0,73.4,62.5,8.4,4.5,66.3
1.8,91.0,85.7,78.9,7.6,4.2,76.6
7.5,92.0,95.3,94.5,8.6,5.0,88.5
2.9,60.0,63.1,69.8,6.8,3.4,57.5
2.8,82.0,86.2,74.7,4.5,4.7,71.7
4.7,73.0,69.4,74.3,7.5,4.1,67.1
3.1,97.0,67.4,79.0,8.5,4.2,62.2
6.3,100.0,83.3,55.4,8.1,2.8,80.3
4.3,54.0,79.8,91.8,6.2,1.9,69.4
5.0,85.0,46.4,53.8,7.1,4.7,47.2
5.8,100.0,92.1,90.4,6.4,2.2,94.5
2.8,82.0,90.7,98.8,6.0,2.7,82.1
2.4,96.0,60.6,49.9,8.1,2.2,58.4
8.9,90.0,75.9,67.0,5.6,2.8,73.9
4.9,90.0,77.4,73.0,5.9,2.4,70.0
4.7,81.0,73.9,64.9,5.7,0.2,70.4
1.3,67.0,61.7,87.9,5.2,4.4,55.3
5.5,68.0,59.9,55.7,7.2,2.2,55.1
6.0,96.0,69.6,65.1,8.4,2.9,77.1
6.0,85.0,87.6,85.0,6.8,0.7,83.2
7.4,83.0,78.2,62.5,5.2,0.0,77.2
2.6,79.0,64.4,63.9,8.0,1.2,60.5
3.3,80.0,81.6,82.8,9.0,3.5,66.1
8.3,100.0,27.3,42.4,6.2,0.5,43.0
9.5,80.0,87.2,81.2,6.4,4.5,82.8
2.2,65.0,43.9,50.0,7.6,1.1,49.2
5.5,96.0,64.6,50.6,8.9,1.0,67.6
2.9,82.0,53.2,65.8,6.4,0.9,71.3
1.5,85.0,50.6,81.4,5.4,0.1,59.2
3.9,100.0,87.4,82.7,7.8,3.9,78.6
2.3,85.0,63.0,70.5,8.0,4.4,61.1
7.4,89.0,75.2,83.4,7.0,3.1,75.3
5.8,67.0,69.3,56.3,6.3,0.9,69.0
2.3,82.0,77.2,96.7,8.2,1.4,71.7
1.1,94.0,71.2,75.1,7.6,2.4,79.3
8.3,62.0,50.8,80.0,6.1,4.8,57.4
2.6,88.0,84.9,72.2,7.1,1.2,71.7
6.5,87.0,62.6,89.4,5.4,3.7,62.4
4.0,86.0,46.7,67.3,7.8,2.2,57.2
6.3,100.0,63.6,74.8,6.7,1.5,76.0
3.8,90.0,92.5,88.3,6.5,2.3,81.5
1.8,100.0,82.8,76.7,7.0,0.4,84.5
3.0,70.0,64.8,83.3,7.0,4.0,54.7
2.7,87.0,64.8,70.5,8.1,1.2,64.9
4.9,86.0,65.2,45.5,7.7,3.6,62.9
6.9,69.0,100.0,76.6,6.8,0.3,88.0
3.4,99.0,75.7,73.2,7.9,4.8,63.2
1.1,100.0,76.5,79.6,7.5,1.0,76.8
5.7,85.0,85.5,80.6,6.5,4.4,75.4
6.5,93.0,73.6,88.8,6.9,4.0,78.3
9.7,86.0,66.1,46.3,6.8,4.8,55.4
6.3,74.0,67.1,72.0,7.6,2.4,63.1
5.2,58.0,68.9,49.5,6.6,3.6,48.4
6.2,74.0,69.4,80.8,6.5,1.9,71.9
9.4,64.0,80.9,77.4,9.4,0.9,71.1
8.5,100.0,70.8,77.5,8.1,2.2,68.8
3.9,83.0,81.0,68.2,6.1,0.8,76.7
3.1,80.0,68.8,86.6,7.7,4.9,71.0
3.4,98.0,71.2,85.2,7.1,0.5,76.6
5.5,68.0,40.0,61.0,7.5,2.9,46.9
7.7,73.0,83.7,78.7,7.2,3.1,79.3
5.5,86.0,75.2,82.1,8.4,2.7,67.5
1.6,100.0,85.0,72.5,7.4,3.3,86.0
7.5,93.0,26.6,56.2,6.9,0.6,42.6
8.3,89.0,100.0,100.0,8.3,2.8,97.3
3.6,86.0,67.9,83.6,7.3,1.4,75.5
7.0,91.0,86.6,73.2,7.1,4.7,77.8
4.8,88.0,54.4,67.0,7.4,3.8,60.0
9.0,70.0,79.2,62.0,6.9,4.9,69.6
8.6,86.0,54.2,69.4,7.0,0.2,58.2
5.7,69.0,60.6,71.8,6.3,1.4,61.4
7.2,86.0,98.7,66.8,6.1,1.0,85.3
9.0,78.0,67.1,56.3,5.8,0.1,64.4
5.5,100.0,73.3,70.6,5.3,1.2,66.4
3.8,84.0,83.1,76.2,5.9,3.4,80.1
7.8,64.0,77.4,61.9,6.8,1.2,78.8
3.0,83.0,72.3,78.0,7.1,2.5,75.1
4.5,93.0,75.5,78.3,6.7,4.4,78.0
8.8,100.0,100.0,87.7,4.2,3.5,82.8
7.5,76.0,69.1,62.4,8.9,2.0,60.2
4.6,61.0,73.0,86.4,8.3,1.9,66.7
2.9,97.0,85.8,100.0,7.5,2.3,89.4
4.2,64.0,86.6,76.1,9.3,0.9,74.2
3.6,78.0,87.8,75.3,5.8,3.2,76.2
2.6,81.0,79.6,83.6,9.3,1.8,76.7
7.7,84.0,52.9,57.4,5.8,4.3,54.3
3.3,95.0,94.5,85.0,7.3,3.8,82.2
5.1,75.0,52.8,70.6,5.5,3.1,50.7
4.5,81.0,74.5,51.8,7.0,1.8,70.4
9.8,85.0,58.7,81.0,7.5,1.0,73.6
4.5,87.0,69.0,72.3,6.8,3.9,69.5
1.7,86.0,74.9,70.0,7.9,2.4,77.4
1.8,92.0,74.8,73.8,7.1,1.1,80.8
6.3,98.0,76.3,75.3,6.4,1.0,80.6
6.4,91.0,94.2,65.7,6.3,0.8,82.3
4.8,92.0,76.8,94.0,8.0,3.9,71.0
4.9,61.0,66.3,70.3,6.2,1.1,62.9
1.5,86.0,84.5,86.0,8.1,2.6,80.7
5.6,92.0,87.8,94.1,8.5,2.3,93.3
5.5,96.0,51.6,48.7,5.0,2.9,51.1
2.3,75.0,79.0,83.1,8.4,4.4,74.5
1.9,75.0,80.5,75.1,9.5,4.3,61.6
2.1,76.0,65.5,79.5,7.3,2.3,68.4
1.9,93.0,90.6,58.9,7.7,0.1,84.2
6.5,100.0,67.7,69.5,8.2,2.1,60.4
2.8,79.0,71.9,65.9,6.7,3.0,64.0
3.3,99.0,67.4,75.6,7.2,2.8,73.6
2.6,87.0,70.2,77.8,5.4,3.3,66.8
9.6,83.0,53.6,53.6,7.2,0.8,54.0
8.7,82.0,48.4,50.5,7.6,3.2,39.9
3.1,96.0,93.9,85.0,7.6,0.9,87.9
3.9,90.0,57.3,53.6,8.3,3.8,53.3
2.9,100.0,55.1,73.2,6.1,1.7,58.0
5.4,72.0,37.7,48.2,6.4,3.5,41.2
1.2,93.0,60.4,31.4,9.3,0.2,50.9
7.0,77.0,50.2,55.6,6.8,2.0,57.1
5.7,72.0,94.6,74.3,7.2,3.5,71.2
9.1,85.0,85.1,61.5,6.9,1.1,73.9
2.5,87.0,59.7,51.0,6.0,4.0,51.9
8.2,100.0,100.0,91.3,8.9,3.2,93.2
8.1,82.0,84.7,96.8,6.4,2.9,86.7
2.1,68.0,65.1,72.8,5.6,1.8,63.2
4.6,89.0,32.5,42.2,6.5,2.4,38.1
2.5,54.0,100.0,95.5,4.6,3.0,77.9
3.3,84.0,49.2,54.0,6.2,2.4,47.5
3.4,85.0,45.3,48.9,5.8,3.5,48.3
6.0,97.0,85.3,67.4,7.7,2.2,75.7
4.7,100.0,100.0,69.0,6.2,1.0,94.1
9.5,77.0,90.8,79.8,8.1,1.1,86.5
2.1,83.0,78.5,79.0,8.7,0.0,74.0
9.8,74.0,78.9,76.2,7.9,1.5,73.7
3.1,68.0,82.8,74.7,6.7,3.7,66.1
8.0,90.0,81.4,67.5,7.2,4.0,72.2
4.1,66.0,74.2,81.8,5.2,1.0,67.9
2.3,79.0,71.6,57.1,6.8,4.8,49.8
8.7,70.0,69.1,80.7,6.0,2.5,68.4
3.8,93.0,58.7,53.2,7.8,4.6,58.8
6.9,100.0,65.8,60.4,10.0,3.5,57.6
6.1,65.0,44.6,39.2,7.6,3.6,39.5
5.2,57.0,68.5,65.1,4.6,0.4,59.4
5.5,83.0,55.2,74.8,6.6,1.1,60.8
7.6,85.0,53.4,68.3,7.1,0.0,64.3
1.8,88.0,72.7,85.4,7.1,3.6,77.8
7.0,78.0,90.9,90.8,6.1,1.7,91.4
9.1,82.0,83.8,67.0,7.3,3.9,78.0
1.5,91.0,46.4,53.9,5.5,1.7,45.2
2.3,100.0,55.2,53.7,5.9,4.1,55.8
7.4,56.0,84.1,96.4,7.8,0.7,75.4
4.9,79.0,55.3,48.8,5.8,0.9,53.6
4.6,88.0,66.6,80.7,7.6,1.7,73.4
2.2,71.0,78.3,87.7,5.4,2.0,75.1
5.6,100.0,55.5,85.2,9.1,1.7,65.5
2.1,75.0,71.6,68.0,6.1,3.8,64.3
5.3,84.0,50.0,68.5,6.7,0.5,58.9
7.9,93.0,61.0,94.0,7.4,1.8,75.6
3.3,76.0,74.8,67.5,6.3,4.2,61.6
5.3,57.0,46.1,39.2,7.2,0.3,42.5
9.9,79.0,76.6,53.4,7.7,4.7,66.3
7.2,100.0,69.7,80.4,8.2,4.9,70.3
8.6,80.0,78.3,54.4,7.9,0.4,64.8
4.7,72.0,73.4,69.5,6.8,1.5,72.5
7.9,99.0,90.5,89.5,6.8,1.9,94.1
1.4,80.0,71.9,75.3,9.8,3.9,55.8
2.1,77.0,63.6,73.2,8.1,3.0,71.1
2.8,87.0,71.8,75.8,5.9,3.2,64.9
4.6,97.0,78.1,92.2,7.1,3.8,77.5
8.6,100.0,70.7,61.0,6.6,0.6,72.0
4.1,97.0,70.6,64.2,6.8,4.2,66.5
6.9,100.0,59.5,56.4,5.5,3.5,56.9
7.4,77.0,60.1,76.0,6.5,2.9,57.4
6.3,70.0,49.0,70.2,9.2,4.4,43.8
4.2,86.0,96.2,93.2,7.7,3.5,87.8
6.2,87.0,51.3,75.0,4.0,1.0,57.1
4.1,69.0,59.6,51.6,8.5,2.1,63.2
1.8,82.0,59.2,85.5,8.3,2.5,67.5
9.9,91.0,83.4,98.3,6.6,0.3,86.8
2.1,90.0,65.6,78.2,7.9,4.8,59.7
1.7,93.0,88.7,100.0,6.0,0.6,87.0
8.9,89.0,59.9,46.1,6.4,3.5,65.6
3.7,77.0,74.2,68.2,8.8,2.5,64.6
6.9,77.0,57.5,55.7,6.7,0.1,55.2
4.0,67.0,100.0,98.7,4.8,4.6,79.5
4.5,100.0,52.2,48.7,6.9,4.3,55.8
3.4,85.0,74.6,83.9,6.9,2.6,77.2
4.1,82.0,79.5,94.2,8.4,1.1,78.4
4.7,71.0,76.2,84.1,7.0,0.6,80.0
7.5,100.0,67.2,73.7,6.5,1.8,62.3
5.6,69.0,68.1,59.0,8.3,1.3,63.5
9.5,79.0,70.7,62.2,7.1,2.5,72.3
1.4,91.0,67.8,85.7,6.1,4.8,61.3
5.5,94.0,84.5,90.0,8.4,2.9,77.8
6.3,99.0,100.0,89.5,7.2,4.4,83.4
9.3,100.0,61.6,62.0,7.0,3.3,72.2
1.4,93.0,49.5,35.4,7.2,2.4,43.2
6.2,69.0,68.7,58.4,5.7,4.3,60.1
8.7,81.0,100.0,100.0,6.4,2.4,98.1
3.2,90.0,57.9,49.4,7.0,4.3,60.2
8.9,100.0,94.6,89.0,6.8,1.5,93.3
1.2,64.0,95.2,99.2,8.5,0.6,82.5
7.6,100.0,61.7,52.0,7.3,4.3,61.1
9.4,88.0,78.5,79.3,8.0,2.9,82.7
6.9,98.0,94.4,97.9,7.0,4.4,89.9
5.0,83.0,64.3,68.7,8.3,4.7,55.6
1.4,72.0,66.9,100.0,7.5,0.3,66.0
9.3,96.0,61.3,46.7,7.0,2.5,56.0
5.2,95.0,54.8,75.6,7.0,1.9,67.8
1.3,100.0,60.3,64.1,5.9,3.1,56.8
7.2,85.0,51.6,70.2,7.6,4.0,53.8
5.3,76.0,70.5,77.6,7.0,1.4,68.6
2.1,62.0,58.5,56.3,6.4,2.8,52.6
2.9,97.0,73.5,76.9,8.3,3.5,68.6
1.6,91.0,46.7,35.7,5.5,0.7,43.5
6.2,71.0,75.0,82.2,6.5,4.1,77.0
6.6,77.0,82.5,83.1,8.2,3.0,83.8
5.6,78.0,40.1,61.7,7.4,4.7,37.5
8.4,63.0,75.6,88.1,6.9,1.7,77.8
8.7,73.0,88.4,87.5,7.3,0.5,83.6
6.5,68.0,51.9,62.9,7.2,2.5,53.4
1.1,79.0,95.1,76.5,5.2,0.4,81.9
7.3,74.0,76.3,67.2,6.6,4.8,66.9
4.8,61.0,59.4,79.9,8.9,0.2,61.4
6.1,100.0,69.2,88.7,6.2,3.8,76.5
6.8,100.0,78.4,74.2,6.6,2.6,79.3
4.2,73.0,71.1,73.2,6.4,1.8,65.9
9.3,89.0,78.1,66.0,6.9,0.3,75.8
2.2,91.0,56.2,77.8,6.3,3.1,53.6
7.0,100.0,72.5,81.5,7.6,2.9,71.8
1.0,73.0,48.8,82.6,7.2,1.4,64.5
9.3,100.0,68.3,60.5,7.9,4.6,62.1
2.0,77.0,56.4,59.3,5.7,1.5,49.0
1.9,65.0,59.0,68.2,6.6,2.2,58.2
4.0,96.0,88.5,90.9,6.7,2.7,85.6
4.4,100.0,86.4,79.2,7.5,0.5,84.9
2.9,100.0,79.1,67.0,6.0,4.7,76.7
6.3,67.0,53.6,72.7,8.1,1.9,59.9
5.0,95.0,65.3,77.8,8.4,0.4,68.1
1.3,79.0,88.2,71.9,5.8,1.9,73.6
3.9,97.0,72.1,89.5,6.4,3.0,72.9
8.3,63.0,100.0,100.0,6.4,2.6,96.1
7.2,66.0,75.9,77.2,10.0,3.5,59.0
7.5,73.0,72.9,74.7,6.5,0.3,66.4
7.3,86.0,65.4,75.9,9.0,1.4,65.6
3.8,75.0,72.0,62.9,5.5,4.1,54.3
1.9,95.0,67.7,71.0,5.8,0.4,78.3
3.5,100.0,80.6,52.5,6.2,4.3,64.5
8.5,94.0,84.4,91.1,6.0,0.5,87.0
9.8,100.0,58.2,46.2,6.7,4.2,58.8
5.4,91.0,50.0,78.1,6.1,1.8,59.2
1.1,67.0,42.5,51.5,6.0,3.1,38.4
2.3,100.0,77.6,74.0,8.4,0.8,77.1
3.9,76.0,53.4,54.5,8.5,0.3,60.8
6.2,99.0,37.7,49.2,8.1,1.1,51.2
1.7,100.0,75.8,92.5,7.6,0.6,86.8
9.5,92.0,100.0,60.1,7.1,1.6,84.2
4.3,63.0,69.9,87.3,6.4,2.6,70.5
9.2,71.0,82.6,83.6,5.9,2.9,78.2
8.0,100.0,71.2,58.3,7.4,3.9,69.7
7.8,82.0,68.5,58.2,5.6,3.3,68.8
6.5,86.0,83.8,100.0,5.8,3.0,82.3
6.6,96.0,65.6,58.0,8.4,2.1,62.6
6.7,95.0,74.0,60.6,9.3,2.4,67.9
6.7,89.0,74.8,88.5,7.5,2.1,70.5
6.0,82.0,60.0,70.0,8.3,4.2,57.4
9.9,80.0,84.9,69.7,6.7,1.2,80.6
7.6,98.0,67.4,73.0,5.4,0.0,67.9
8.0,93.0,58.7,52.9,7.7,3.3,63.6
8.9,81.0,78.0,90.0,7.7,1.0,76.9
2.9,100.0,56.5,76.7,7.1,4.5,60.0
1.8,83.0,70.4,78.6,6.7,4.3,67.2
5.3,72.0,69.9,76.3,8.2,0.4,76.5
5.6,74.0,86.3,100.0,5.8,0.5,86.2
8.5,70.0,77.1,76.3,6.1,2.5,77.5
5.0,81.0,69.6,57.6,5.8,3.0,65.7
6.1,100.0,82.3,84.8,7.1,1.4,85.2
5.7,73.0,90.9,100.0,5.7,3.6,79.1
1.3,88.0,78.4,64.8,6.2,3.0,62.2
6.5,75.0,70.2,67.8,6.2,1.6,68.9
8.5,81.0,50.3,65.2,6.7,0.1,58.0
2.4,62.0,54.0,61.8,5.2,3.8,50.6
6.3,82.0,65.4,57.5,7.1,1.1,68.9
6.3,82.0,60.9,80.0,8.5,4.2,60.3
2.5,93.0,67.2,98.2,7.2,2.1,69.2
2.1,88.0,70.8,74.9,8.8,2.9,66.8
9.8,67.0,77.9,65.9,8.6,4.4,61.7
4.5,100.0,68.9,52.8,7.9,4.3,59.0
3.0,88.0,77.3,79.5,7.1,1.9,71.6
2.5,88.0,71.0,85.8,7.0,1.0,73.9
7.0,85.0,40.4,59.9,7.9,3.9,51.9
6.5,77.0,55.9,63.5,6.5,2.2,58.8
6.8,88.0,67.8,63.6,4.7,1.0,61.8
1.8,92.0,51.9,48.0,7.6,4.5,40.9
9.0,59.0,79.0,87.4,5.6,1.0,79.2
4.5,77.0,93.0,96.7,5.8,0.1,86.5
3.8,81.0,88.3,64.4,7.0,0.1,81.5
5.2,89.0,66.8,89.2,6.9,3.1,70.1
4.5,100.0,92.4,92.3,5.3,3.3,89.2
8.8,73.0,72.2,90.1,7.2,1.6,76.0
9.4,78.0,64.9,52.9,8.2,1.6,62.0
3.7,77.0,60.8,50.1,5.6,1.7,57.9
8.8,73.0,65.5,67.5,8.5,3.4,70.9
8.0,80.0,64.2,74.5,5.1,0.3,70.4
9.4,97.0,72.6,95.1,9.5,4.6,69.1
3.2,69.0,72.4,81.9,6.5,1.1,71.8
6.2,91.0,70.0,69.1,7.2,5.0,64.3
3.5,59.0,76.6,63.6,4.7,0.9,58.6
8.4,77.0,87.9,97.5,6.9,3.9,82.4
1.0,80.0,84.2,69.0,7.3,1.1,71.6
6.1,100.0,47.7,78.2,6.9,0.4,66.7
4.1,81.0,31.7,45.6,6.3,4.4,30.7
3.9,52.0,84.0,99.5,5.9,4.3,81.0
6.8,55.0,49.5,67.8,8.4,2.0,54.5
8.7,86.0,66.6,68.3,7.0,3.5,66.9
6.5,94.0,52.4,55.2,8.8,2.8,52.5
8.7,91.0,43.0,51.7,6.4,4.3,45.1
3.4,88.0,78.1,82.0,6.5,1.6,78.6
5.7,100.0,81.4,79.8,8.0,2.6,84.6
5.1,77.0,61.4,59.7,5.1,2.4,52.6
1.1,98.0,31.1,46.7,5.5,1.8,30.1
6.0,61.0,61.8,68.0,8.3,4.5,58.7
7.0,71.0,75.9,50.0,5.6,0.8,68.1
6.3,58.0,47.8,64.2,4.8,0.7,42.8
7.6,81.0,72.8,61.9,9.2,2.9,59.4
6.1,84.0,69.8,58.0,5.3,3.3,58.0
1.6,87.0,78.7,57.0,7.2,1.0,67.5
2.0,86.0,71.8,51.5,7.1,2.0,62.8
6.4,71.0,55.4,47.0,4.0,4.7,37.8
3.5,82.0,87.9,74.3,6.7,1.2,78.4
1.7,63.0,67.6,94.0,7.5,3.3,62.7
4.9,100.0,69.6,65.4,7.4,3.7,66.9
6.0,80.0,56.0,65.7,8.1,2.2,59.2
4.0,78.0,63.4,72.8,6.5,4.7,59.1
7.5,100.0,56.7,65.6,7.9,3.7,66.0
6.8,66.0,67.4,69.5,6.2,2.3,67.3
4.0,68.0,95.7,73.1,5.3,2.8,71.0
7.8,69.0,49.4,77.1,5.4,3.5,55.3
6.8,84.0,45.8,79.2,5.2,3.0,56.0
6.7,91.0,92.1,65.0,8.2,4.4,76.4
6.0,96.0,66.9,57.8,5.2,1.8,56.7
1.1,100.0,60.0,62.6,7.3,1.5,61.4
7.3,51.0,85.6,69.8,6.7,1.1,76.4
4.4,94.0,60.9,72.6,6.9,0.2,63.7
9.5,77.0,97.4,79.7,8.6,0.2,82.3
8.4,76.0,80.2,100.0,6.5,4.4,79.4
6.3,76.0,62.7,81.9,7.7,3.4,63.9
3.3,71.0,100.0,92.6,7.0,3.3,86.5
2.8,100.0,60.9,78.9,6.8,3.1,65.4
4.1,98.0,81.1,91.9,9.8,4.2,65.9
5.3,85.0,74.5,67.9,5.3,2.4,66.1
3.7,100.0,89.5,73.9,8.5,4.4,80.0
5.6,62.0,93.4,87.0,7.8,1.8,83.1
2.5,65.0,70.5,82.6,6.4,4.6,56.6
9.8,52.0,58.7,66.9,9.0,3.5,50.4
2.0,75.0,76.9,57.2,4.8,1.3,57.2
9.4,87.0,59.8,56.3,6.4,2.8,62.0
9.2,87.0,100.0,89.1,5.5,2.7,92.6
5.7,87.0,72.0,72.3,7.5,0.7,66.6
7.5,64.0,64.5,92.4,5.7,3.0,70.0
4.9,97.0,72.8,57.0,7.5,1.6,65.4
6.7,89.0,49.8,65.9,6.8,0.3,67.6
4.1,96.0,55.4,81.1,6.4,4.7,60.2
3.7,57.0,88.0,100.0,7.5,3.2,75.4
6.2,90.0,60.1,61.2,6.7,4.4,54.2
5.5,67.0,54.3,68.5,5.7,3.4,55.1
6.2,79.0,78.0,83.7,10.0,1.8,65.6
3.6,93.0,87.8,85.0,6.4,2.6,82.9
4.3,86.0,80.8,77.3,4.3,3.4,74.6
1.8,72.0,84.9,86.2,6.0,4.8,69.8
1.5,85.0,58.6,34.8,5.5,1.3,49.9
3.3,62.0,48.7,67.4,8.0,4.4,53.5
1.7,100.0,92.5,87.0,7.4,4.6,84.3
1.9,82.0,65.2,66.4,7.5,3.4,53.7
8.3,100.0,66.2,94.3,6.6,4.7,75.4
1.3,77.0,89.9,75.9,6.7,2.0,73.6
6.9,77.0,78.3,72.2,6.6,4.8,77.1
3.5,74.0,76.8,100.0,6.9,3.5,72.8
8.8,98.0,100.0,80.0,8.0,0.2,100.0
5.4,74.0,60.3,59.6,7.4,4.5,62.7
3.8,95.0,83.9,78.6,7.6,2.4,76.4
5.7,79.0,70.9,82.6,7.6,2.3,72.2
4.4,55.0,74.0,76.9,8.1,2.8,70.0
6.1,76.0,92.9,70.2,7.3,0.7,88.2
2.0,67.0,77.6,70.2,7.4,2.3,70.8
10.0,86.0,78.1,69.6,8.4,4.2,76.6
4.8,67.0,86.1,80.7,6.2,0.1,81.0
4.1,99.0,64.5,73.8,6.0,1.4,67.1
7.4,84.0,57.4,69.5,5.6,0.0,62.1
4.3,82.0,54.3,41.3,7.2,2.1,56.1
8.5,95.0,40.5,67.1,4.8,3.6,47.7
5.1,99.0,100.0,93.0,7.6,4.0,93.8
7.5,85.0,53.5,78.7,6.9,4.7,62.7
2.0,73.0,66.7,75.3,8.4,3.0,52.1
8.6,58.0,65.8,82.7,6.2,1.3,69.8
7.6,75.0,74.6,80.4,6.8,4.6,71.9
2.9,76.0,82.2,95.5,8.3,3.9,83.3
2.3,87.0,82.9,86.0,8.7,2.9,68.4
3.8,80.0,61.3,65.6,6.2,3.5,66.0
9.8,95.0,67.5,97.8,7.2,4.6,75.1
3.3,76.0,74.2,85.2,7.4,3.6,73.4
5.1,84.0,66.3,76.6,7.4,1.8,76.7
1.3,100.0,94.1,71.2,6.7,3.6,83.7
4.6,90.0,77.4,61.0,8.5,0.2,74.2
6.1,84.0,81.0,82.1,4.7,1.9,75.0
9.6,76.0,79.9,79.7,6.5,2.0,76.3
5.7,76.0,87.6,75.2,7.5,0.8,81.9
8.4,72.0,72.7,75.3,7.5,0.1,71.6
5.9,77.0,50.5,79.4,8.6,0.7,58.4
1.4,96.0,76.0,83.9,8.4,3.3,60.6
3.8,82.0,60.2,52.4,6.7,4.0,57.2
6.2,65.0,62.1,65.9,8.6,4.9,53.8
9.6,100.0,78.8,67.6,6.1,1.7,76.7
8.7,90.0,88.6,78.5,8.1,3.0,83.5
3.1,64.0,70.3,67.2,9.2,4.7,48.7
3.0,78.0,74.6,69.0,8.5,0.8,77.9
2.8,87.0,95.5,72.3,7.1,3.6,81.6
9.3,100.0,73.6,72.6,6.6,3.8,73.2
8.7,68.0,100.0,83.3,5.2,0.4,84.2
8.0,100.0,78.5,41.9,7.4,4.3,68.0
4.5,100.0,43.6,80.8,5.7,4.1,59.7
5.5,76.0,81.3,91.8,6.0,0.2,87.3
5.2,81.0,75.7,70.9,5.6,0.5,76.7
3.3,69.0,89.3,83.8,6.4,0.2,86.2
5.5,82.0,80.1,64.0,7.0,1.7,73.1
1.3,84.0,67.9,91.1,7.3,2.5,63.1
2.2,95.0,51.6,83.7,6.3,2.7,59.1
9.0,100.0,66.9,72.0,8.3,1.3,70.4
7.8,74.0,57.2,76.6,6.8,4.6,64.2
4.8,55.0,61.3,68.9,6.1,1.8,60.4
5.7,85.0,78.8,61.3,7.3,0.2,83.1
4.3,89.0,95.0,82.1,9.4,1.5,87.6
7.7,89.0,75.9,77.1,7.4,2.7,73.8
8.1,80.0,52.1,55.8,6.6,2.0,47.8
7.9,87.0,76.7,73.4,5.2,1.4,79.4
7.5,100.0,87.9,81.7,6.7,0.7,95.0
2.8,91.0,60.9,65.5,7.3,4.1,53.2
4.0,79.0,68.0,71.4,6.5,5.0,69.6
5.2,77.0,70.2,59.4,5.0,1.6,63.8
4.0,82.0,58.2,56.3,6.0,1.9,58.0
7.8,100.0,79.7,62.4,8.7,3.1,79.3
4.0,82.0,68.2,82.6,8.7,3.6,71.0
2.2,85.0,76.3,50.5,5.9,2.0,68.3
4.6,78.0,56.7,77.9,7.8,4.5,60.1
9.8,100.0,63.4,84.7,5.6,2.8,73.0
3.0,100.0,80.8,74.9,8.7,2.3,72.9
6.5,92.0,64.4,37.4,7.3,3.2,57.9
4.9,86.0,95.9,83.2,8.1,4.8,79.1
1.6,86.0,64.0,67.6,4.9,4.0,53.5
5.4,50.0,73.4,61.9,7.8,0.2,65.1
7.3,96.0,84.0,74.2,7.0,1.7,79.7
5.6,87.0,48.7,77.6,8.0,2.4,58.5
8.8,91.0,43.6,64.1,8.1,1.6,52.9
3.6,74.0,47.1,47.2,7.1,3.5,47.9
1.8,79.0,88.9,64.2,6.3,4.1,65.2
9.4,79.0,61.7,63.1,7.9,3.7,60.0
4.4,100.0,100.0,87.4,6.9,4.9,90.3
6.2,79.0,61.5,72.9,6.0,1.4,63.5
8.1,100.0,72.8,67.2,5.9,4.4,68.7
3.9,91.0,93.1,92.0,5.2,3.8,75.9
7.4,66.0,100.0,100.0,6.4,1.8,95.1
2.2,83.0,100.0,99.8,8.3,3.7,91.2
3.6,75.0,88.1,82.3,7.2,0.5,85.9
2.3,52.0,85.4,79.0,6.4,3.9,75.7
8.3,100.0,78.9,73.1,8.0,2.7,78.5
3.0,96.0,81.7,93.2,6.0,1.5,84.7
7.5,93.0,61.7,59.5,7.1,3.3,63.4
9.5,87.0,57.7,65.2,6.8,3.2,64.8
5.7,64.0,69.9,72.6,7.9,1.0,61.0
5.9,78.0,67.4,64.4,5.1,0.2,60.7
5.1,98.0,63.2,51.5,6.0,2.2,68.8
3.9,69.0,80.4,82.1,5.0,2.8,59.2
5.3,50.0,84.3,79.9,6.7,4.4,71.5
6.4,82.0,71.3,78.8,8.5,4.6,71.8
9.9,83.0,92.2,78.9,6.4,2.6,85.2
9.4,87.0,52.9,76.4,6.4,3.8,58.4
8.8,96.0,67.1,59.7,8.0,2.2,67.8
9.0,95.0,59.2,86.1,8.3,3.7,64.4
5.2,89.0,42.0,34.2,6.9,1.0,46.4
6.9,100.0,68.8,76.5,7.8,1.9,70.2
9.1,62.0,68.2,76.6,5.7,3.2,69.9
4.5,93.0,92.7,76.1,8.7,0.1,91.9
9.7,94.0,79.5,82.8,9.6,3.6,71.1
4.7,66.0,54.6,78.1,7.6,4.2,49.8
6.4,62.0,97.8,62.1,4.5,2.0,72.0
7.4,74.0,88.3,89.0,6.3,2.2,83.3
9.6,75.0,78.7,47.3,7.7,4.3,68.1
3.2,96.0,66.6,58.4,6.5,3.9,57.8
7.7,76.0,55.6,82.9,8.5,1.4,58.9
5.7,72.0,64.4,61.7,7.7,1.6,65.1
3.4,76.0,86.3,67.7,6.2,3.4,78.0
8.0,100.0,98.3,86.6,7.0,2.8,90.5
6.0,85.0,93.1,100.0,5.9,0.8,86.2
6.9,82.0,62.7,45.6,6.8,1.5,75.3
3.9,83.0,53.2,49.3,6.3,4.5,52.9
5.3,100.0,72.1,91.2,8.4,3.4,73.1
6.6,74.0,43.5,78.4,9.5,4.9,46.9
4.6,100.0,74.8,73.7,5.3,3.8,68.9
2.8,88.0,67.8,55.8,4.7,4.7,57.4
9.7,83.0,63.0,93.0,6.7,1.1,74.9
5.6,100.0,46.1,76.8,5.2,3.9,53.4
7.6,69.0,77.7,84.8,7.1,0.1,79.3
4.7,80.0,62.0,57.5,7.9,3.4,51.4
4.2,67.0,52.5,60.9,8.8,2.3,58.1
4.7,99.0,26.9,44.2,7.2,1.7,35.6
4.7,100.0,69.6,75.7,6.8,4.3,63.5
5.9,100.0,96.6,100.0,4.6,4.3,84.9
5.9,100.0,94.9,97.5,7.0,0.1,92.9
5.5,82.0,63.1,55.0,7.1,3.0,60.0
2.2,80.0,61.0,83.1,7.8,1.8,67.4
5.5,60.0,77.0,80.0,6.1,2.1,76.6
2.5,100.0,55.0,71.3,6.5,4.2,61.8
2.1,92.0,74.5,92.3,5.2,1.5,72.6
9.4,78.0,81.5,65.6,4.3,4.7,63.4
6.4,100.0,88.4,82.6,5.7,0.9,88.4
6.9,70.0,68.5,64.7,5.1,3.3,52.2
4.6,91.0,66.9,51.4,7.4,3.4,64.4
9.2,82.0,56.8,68.3,6.4,1.3,57.0
6.7,95.0,57.6,94.7,6.4,1.6,80.1
7.9,84.0,66.6,47.9,5.8,4.2,56.7
4.3,63.0,75.5,74.9,4.0,3.8,56.4
9.6,86.0,83.7,87.9,8.8,1.6,77.8
8.4,100.0,58.0,66.2,5.8,2.7,59.9
8.7,85.0,92.4,84.1,6.5,0.3,100.0
2.5,97.0,65.9,54.0,5.3,1.0,65.4
3.4,69.0,69.7,74.6,8.2,2.4,58.2
3.6,85.0,58.8,56.2,7.2,0.4,67.8
3.4,76.0,33.6,23.9,6.0,4.2,35.0
8.7,96.0,83.3,94.3,6.5,3.6,83.3
1.3,85.0,81.1,90.1,9.0,4.7,70.8
1.7,95.0,65.8,70.1,6.9,3.5,63.9
3.5,100.0,71.0,75.4,6.8,4.7,77.8
2.8,95.0,77.7,89.5,5.9,2.8,73.1
3.1,89.0,46.6,60.6,4.7,3.0,45.7
8.2,70.0,62.1,78.1,6.8,4.9,60.0
6.1,85.0,81.9,75.6,7.4,3.2,70.5
1.1,77.0,51.2,76.5,8.3,0.2,65.9
4.9,80.0,74.4,78.5,4.3,3.6,57.3
4.7,79.0,49.7,62.1,5.6,4.5,49.7
2.0,70.0,77.0,61.0,6.3,4.0,55.9
7.1,56.0,69.5,75.1,7.0,2.9,64.2
7.3,75.0,45.8,47.5,6.8,3.4,49.1
7.5,88.0,87.5,74.8,6.9,5.0,75.0
7.6,65.0,59.0,55.6,7.5,0.5,62.5
1.0,85.0,57.8,51.9,5.9,3.3,49.8
9.6,100.0,73.0,99.3,8.1,1.4,87.7
8.3,100.0,87.2,98.3,7.5,3.2,95.0
9.1,100.0,54.8,85.9,6.6,3.0,64.3
1.1,91.0,70.9,57.9,8.9,0.8,62.6
9.4,100.0,76.4,76.7,8.9,1.0,77.6
8.3,74.0,80.4,62.7,8.1,3.1,73.7
8.5,75.0,72.6,65.2,4.0,0.6,61.7
1.8,50.0,64.5,57.7,8.9,1.3,53.3
7.6,100.0,57.6,79.4,8.0,4.2,62.8
9.6,100.0,71.3,68.0,9.4,1.6,68.4
7.1,77.0,53.9,75.2,8.5,2.4,63.8
6.1,81.0,26.2,53.0,8.9,4.7,33.9
9.5,74.0,76.5,100.0,8.1,1.1,84.6
5.0,91.0,83.6,62.4,8.6,1.9,77.1
6.4,100.0,34.6,65.8,9.4,3.0,41.4
5.3,59.0,54.9,76.7,7.3,3.8,57.4
9.4,91.0,79.3,65.9,5.1,4.5,64.2
1.7,81.0,100.0,100.0,6.6,4.6,93.7
5.5,87.0,70.3,76.2,7.5,3.9,56.5
7.2,92.0,59.1,62.7,7.1,1.1,64.4
8.1,82.0,67.3,60.5,5.5,0.1,72.1
6.2,83.0,90.6,75.7,5.0,1.9,73.5
9.2,82.0,60.3,90.8,6.1,0.7,73.3
9.5,100.0,58.0,64.8,8.0,3.6,58.9
1.6,91.0,62.8,77.0,8.9,3.3,57.5
4.6,88.0,55.7,53.9,8.1,0.2,63.0
1.2,66.0,71.8,63.7,8.3,4.2,58.9
4.0,79.0,94.4,99.6,6.9,1.2,82.4
5.8,98.0,74.8,58.7,4.9,2.2,62.5
9.2,86.0,66.2,64.7,6.5,3.3,70.1
8.6,95.0,65.6,69.8,6.7,2.1,71.9
2.1,100.0,46.6,59.3,6.4,2.2,60.3
1.8,100.0,83.2,77.8,7.1,0.3,89.6
6.3,86.0,68.8,76.0,7.5,2.0,69.6
5.8,77.0,67.3,78.7,8.0,3.8,76.9
3.4,50.0,100.0,98.8,6.7,4.6,84.9
9.1,82.0,74.5,62.9,4.7,2.1,61.4
9.3,80.0,58.7,61.8,6.4,2.1,58.7
4.6,91.0,63.6,82.5,7.1,3.5,57.4
9.0,83.0,87.2,93.1,8.5,4.7,87.9
4.5,80.0,71.7,56.5,6.3,1.3,74.1
7.6,58.0,48.4,63.3,7.6,2.2,47.1
5.3,71.0,83.8,56.5,7.3,4.0,68.7
2.1,92.0,60.0,66.5,7.1,3.0,60.7
9.4,100.0,98.1,100.0,8.1,0.6,94.6
5.1,84.0,86.2,70.3,6.2,3.1,69.1
7.6,90.0,63.3,58.0,6.3,0.9,64.8
4.3,99.0,89.2,92.7,7.0,2.6,86.5
1.2,73.0,71.0,54.1,6.2,2.6,57.9
1.9,91.0,82.8,72.1,7.6,4.4,73.4
5.5,74.0,77.3,83.5,6.1,2.3,81.3
7.2,98.0,57.3,56.8,7.3,1.4,61.4
4.0,87.0,60.3,63.4,6.9,1.2,64.2
7.3,89.0,85.4,90.2,7.3,4.4,85.5
7.3,73.0,65.0,74.0,6.4,0.9,71.0
7.3,96.0,63.9,71.6,6.6,2.1,66.1
5.4,100.0,55.7,59.3,7.1,0.9,63.1
9.2,70.0,76.4,80.3,7.2,3.9,75.3
5.4,80.0,100.0,88.5,7.0,2.4,86.3
5.1,88.0,54.0,67.9,9.0,1.8,61.3
2.8,97.0,70.4,66.3,5.8,1.8,74.4
3.8,77.0,91.2,82.5,6.9,4.3,77.0
1.4,50.0,68.8,59.4,5.1,2.8,53.6
6.7,100.0,76.8,75.7,7.4,3.6,78.7
3.2,96.0,54.1,52.7,5.7,4.5,48.2
3.7,59.0,76.4,62.5,6.7,4.5,65.4
7.9,76.0,67.2,73.4,6.6,1.6,70.0
3.9,100.0,84.8,83.4,7.3,4.8,72.8
3.2,100.0,87.8,92.1,6.3,0.1,91.5
2.5,99.0,100.0,84.8,6.3,1.9,86.5
8.0,82.0,78.7,82.1,8.7,4.5,76.0
2.2,86.0,74.9,81.5,7.3,1.4,71.5
5.1,83.0,72.9,79.1,6.3,1.4,73.3
5.6,100.0,64.7,58.9,6.7,1.5,73.3
7.2,72.0,75.1,76.8,9.0,3.1,69.6
6.7,73.0,65.6,73.7,6.7,2.2,61.9
8.3,100.0,72.5,73.6,6.2,3.6,68.1
1.4,84.0,89.8,58.8,6.2,4.5,68.5
3.7,100.0,54.9,64.9,6.3,3.4,60.1
3.5,75.0,87.1,100.0,6.3,1.0,87.6
2.3,84.0,89.8,79.5,5.5,4.7,71.4
3.6,71.0,68.2,62.2,5.7,1.3,57.5
3.8,85.0,38.2,57.4,6.0,0.7,48.8
5.7,63.0,60.9,70.3,7.7,0.4,62.4
7.0,78.0,89.5,98.0,6.5,2.8,96.6
4.4,63.0,69.7,56.7,6.8,0.6,65.0
7.5,95.0,55.0,71.8,8.5,0.7,71.4
4.0,96.0,62.4,74.5,8.6,1.5,60.1
3.6,59.0,82.6,77.9,6.7,1.4,68.3
5.9,100.0,78.2,81.0,6.2,3.0,73.0
1.2,100.0,66.4,82.2,6.0,4.1,70.6
1.7,86.0,64.5,79.2,7.8,3.8,70.7
4.8,75.0,64.1,54.8,6.8,1.3,58.4
9.5,100.0,56.2,73.5,6.5,1.2,65.4
7.5,65.0,94.2,85.8,6.0,4.8,75.9
1.8,85.0,65.2,70.0,6.1,0.0,58.2
8.6,88.0,88.3,83.8,7.4,4.4,85.7
7.6,100.0,92.8,83.9,5.4,1.0,90.0
6.5,90.0,85.0,95.3,8.2,4.7,80.9
8.4,78.0,63.5,67.1,6.4,1.7,59.3
4.6,71.0,76.1,62.2,6.8,2.2,76.2
3.0,80.0,69.6,67.1,5.4,3.5,59.1
5.6,70.0,56.4,66.0,7.0,2.9,59.8
5.9,86.0,74.9,89.7,6.6,1.6,72.2
5.8,77.0,52.3,68.6,6.9,2.8,56.1
6.1,63.0,87.8,72.5,8.8,3.7,73.4
9.5,100.0,63.0,97.6,7.2,0.2,80.8
9.1,78.0,73.0,77.0,6.0,0.1,76.6
8.9,66.0,74.2,89.9,6.1,2.3,77.1
8.2,82.0,66.1,67.8,7.7,0.7,64.4
9.5,86.0,78.8,83.7,8.6,3.3,76.6
1.9,59.0,62.9,77.8,7.3,1.1,62.9
3.4,90.0,83.1,94.5,7.8,2.2,83.5
5.5,69.0,49.8,72.6,7.7,1.0,57.5
8.6,100.0,71.9,83.6,8.7,2.7,67.9
5.5,93.0,99.1,85.7,4.7,0.6,82.3
7.7,79.0,55.0,56.1,7.8,0.1,49.8
2.3,74.0,59.8,69.9,8.2,0.3,64.6
3.3,83.0,77.7,87.8,5.4,4.8,74.0
7.6,94.0,72.7,70.9,5.9,0.7,78.7
2.5,85.0,75.3,87.9,6.0,3.5,73.4
4.2,82.0,77.3,93.8,6.1,0.3,71.2
3.4,86.0,79.5,66.7,6.4,0.5,71.0
4.1,76.0,86.6,71.9,7.3,2.5,78.3
7.4,80.0,76.1,74.0,8.0,2.3,73.7
4.3,54.0,66.4,73.5,8.3,4.8,56.3
6.0,100.0,80.1,71.8,6.0,4.7,75.4
1.9,89.0,98.5,100.0,6.0,3.9,88.7
8.2,73.0,68.0,75.9,8.6,3.0,65.9
4.3,100.0,55.4,63.7,7.8,2.3,57.4
6.8,86.0,86.6,64.7,7.1,1.8,84.3
7.5,69.0,68.2,55.1,7.6,4.7,57.5
2.9,98.0,37.4,55.8,7.0,3.0,39.7
9.0,91.0,82.7,54.0,7.6,2.9,70.8
6.5,91.0,62.0,79.3,6.6,1.2,68.5
4.9,79.0,68.6,69.3,7.3,0.2,74.8
2.6,92.0,75.0,100.0,5.2,4.7,71.5
9.5,81.0,72.9,100.0,6.2,1.6,79.3
7.8,93.0,80.6,76.2,6.2,2.2,73.6
2.9,56.0,63.5,66.8,6.6,0.6,64.8
4.0,78.0,77.7,88.6,5.9,4.2,69.9
8.3,100.0,66.1,90.1,6.4,0.1,78.1
7.3,73.0,81.1,59.0,5.2,4.2,72.5
7.9,76.0,79.2,56.1,7.7,0.7,75.6
5.0,78.0,56.0,56.1,6.9,4.4,46.0
7.4,67.0,86.3,88.8,5.0,3.6,67.3
4.5,52.0,62.0,73.1,6.0,0.8,60.8
2.9,82.0,82.1,92.1,7.4,2.8,73.8
6.7,87.0,75.5,60.9,6.3,1.6,75.1
9.8,84.0,97.6,60.7,6.2,0.9,86.9
3.8,83.0,66.6,80.3,6.9,4.3,66.6
5.1,86.0,64.8,58.9,7.4,2.0,60.7
7.1,100.0,69.7,47.6,5.3,2.0,71.6
5.9,82.0,65.5,71.0,7.7,0.8,81.4
8.6,76.0,82.0,88.7,6.0,1.9,79.8
7.9,81.0,45.8,56.0,7.0,4.4,50.5
1.5,94.0,54.2,57.0,7.0,1.8,56.3
10.0,100.0,54.0,60.5,6.4,4.8,56.3
7.8,76.0,84.3,76.1,5.8,4.7,70.1
8.8,86.0,95.7,71.2,6.7,0.7,84.3
6.9,90.0,68.4,62.5,9.0,0.9,60.7
8.7,70.0,67.5,76.7,5.4,4.3,64.5
2.0,85.0,71.1,76.5,9.0,2.0,62.6
4.1,63.0,87.4,84.5,6.7,0.0,71.4
8.9,58.0,56.1,51.7,7.0,1.4,57.6
2.8,91.0,73.6,72.0,5.7,3.0,68.1
1.7,79.0,84.6,54.7,6.1,4.0,73.3
8.1,88.0,77.5,78.7,6.4,0.7,81.6
8.5,85.0,72.8,90.9,5.7,0.6,71.9
2.5,70.0,85.0,63.3,6.7,4.6,59.1
8.7,84.0,29.5,40.6,6.5,3.8,33.5
7.2,67.0,80.2,82.1,9.2,2.9,67.1
5.7,100.0,60.2,81.1,5.6,3.8,68.5
8.5,65.0,42.5,50.1,7.1,2.1,46.6
4.8,82.0,77.7,68.3,7.3,3.8,75.8
2.7,69.0,90.6,60.7,5.7,1.9,68.3
3.6,94.0,67.9,72.0,7.8,1.2,74.2
5.5,80.0,84.3,100.0,6.5,3.6,86.0
5.8,77.0,94.2,89.8,4.0,2.1,68.6
8.3,98.0,89.7,83.6,7.8,4.9,89.3
8.1,85.0,94.6,90.6,5.7,1.7,89.9
6.2,93.0,81.1,78.5,5.7,4.6,76.4
8.0,70.0,71.1,62.9,7.8,4.7,59.2
2.7,64.0,46.0,67.5,6.6,1.2,56.8
1.5,87.0,66.3,72.5,8.1,4.0,55.7
8.9,80.0,57.4,64.6,8.5,2.2,62.8
1.7,94.0,100.0,78.3,6.2,4.6,87.7
3.2,84.0,67.4,86.1,8.0,2.3,65.1
7.3,88.0,71.8,81.1,6.1,3.7,80.6
4.7,61.0,78.3,70.3,9.7,2.3,63.0
8.9,100.0,70.7,84.4,6.2,1.1,81.2
3.7,83.0,95.4,81.3,8.2,1.0,79.6
1.1,95.0,60.7,57.0,8.0,2.1,67.2
3.7,72.0,72.9,64.6,7.4,3.8,59.2
6.2,90.0,58.9,44.1,6.2,3.0,60.3
4.4,65.0,50.2,65.8,6.8,3.4,46.9
5.8,92.0,60.8,44.5,4.4,1.4,49.5
8.9,80.0,69.4,56.9,7.3,2.4,70.0
9.2,85.0,63.6,43.2,7.4,0.2,68.2
3.4,95.0,59.6,64.7,7.2,4.1,54.0
5.2,67.0,48.9,57.5,4.0,4.9,41.1
5.9,75.0,68.8,67.3,5.5,2.0,69.3
9.5,92.0,47.4,45.9,6.1,0.1,50.9
10.0,100.0,81.4,64.8,7.3,0.8,88.4
3.1,83.0,71.2,78.3,7.3,3.3,62.5
7.5,94.0,48.1,52.3,6.8,3.1,50.4
4.4,83.0,65.4,73.0,7.8,3.9,65.8
1.1,100.0,58.7,54.6,5.8,1.3,53.4
1.1,59.0,74.8,77.0,7.7,3.8,64.8
5.1,86.0,90.1,99.7,7.6,3.4,88.2
5.4,61.0,41.9,62.2,7.5,1.6,47.1
1.2,50.0,71.7,68.1,6.8,2.7,64.4
7.2,89.0,67.6,73.6,9.2,0.7,66.1
3.6,87.0,80.1,75.2,7.6,2.3,76.9
6.0,81.0,73.2,74.0,5.8,4.4,72.6
3.7,83.0,58.7,61.3,7.3,2.1,63.2
2.5,100.0,65.2,67.2,7.9,4.2,66.0
4.7,81.0,58.1,67.4,6.3,3.0,54.1
3.1,93.0,86.1,69.8,8.3,1.0,81.2
5.8,75.0,70.3,60.0,7.5,2.9,60.9
2.8,89.0,98.5,72.4,4.2,2.5,70.7
5.6,81.0,69.1,52.3,7.4,2.0,64.2
2.4,79.0,59.4,51.0,6.5,0.6,53.7
7.0,100.0,47.3,60.3,7.6,2.1,60.0
7.8,100.0,43.0,45.1,8.1,0.4,55.5
2.0,87.0,46.2,63.9,7.2,0.5,45.7
5.2,50.0,74.0,74.8,9.0,2.1,59.8
1.6,80.0,77.6,53.0,6.8,1.5,60.7
6.4,100.0,46.3,65.6,7.7,4.6,50.8
3.4,82.0,83.4,89.8,8.0,1.9,82.4
5.7,100.0,62.8,55.7,6.9,3.8,60.8
5.7,100.0,72.2,78.4,7.9,2.7,71.2
9.3,88.0,94.2,76.2,6.3,3.5,91.2
5.9,72.0,83.5,81.2,6.5,1.3,69.7
6.2,50.0,66.0,54.4,5.4,4.7,57.4
4.6,95.0,56.6,42.5,7.3,2.7,52.7
9.5,73.0,37.7,48.0,7.4,4.2,41.3
8.0,88.0,59.2,64.0,8.4,1.8,59.1
3.6,66.0,66.8,65.3,7.9,0.5,71.2
8.6,81.0,55.2,48.9,6.7,3.4,48.9
4.9,86.0,68.0,66.0,5.6,0.0,68.3
8.5,89.0,71.2,75.9,7.5,2.4,75.6
8.4,68.0,66.6,69.4,8.3,1.0,58.9
2.7,100.0,60.2,68.3,7.9,3.1,57.4
7.3,76.0,72.5,65.5,8.3,4.9,62.9
3.6,60.0,76.6,90.0,6.7,2.3,69.7
3.7,83.0,53.6,48.1,6.4,4.1,46.3
3.7,86.0,91.2,90.5,6.1,2.5,83.6
7.5,87.0,68.5,85.3,6.9,2.5,76.5
3.1,100.0,70.3,77.9,6.9,4.7,67.4
1.0,81.0,80.6,75.9,7.2,4.4,74.6
7.4,83.0,73.5,67.8,6.8,3.9,64.9
2.5,68.0,84.3,93.0,6.8,1.5,75.1
1.9,97.0,74.3,57.5,6.1,2.7,75.3
3.1,88.0,60.8,54.8,8.1,1.1,56.6
4.4,79.0,75.4,70.5,7.1,2.2,65.7
5.3,56.0,52.8,76.6,6.8,2.4,48.5
1.4,100.0,71.6,77.5,6.1,4.2,72.5
9.7,67.0,69.5,60.1,5.4,4.5,57.9
7.4,76.0,66.9,66.4,8.6,2.1,62.7
3.9,90.0,68.1,63.5,7.7,0.1,68.8
3.9,67.0,41.8,46.5,5.1,4.3,40.2
5.0,63.0,61.8,78.8,7.9,0.9,63.7
6.6,53.0,71.4,56.4,8.1,3.1,70.7
2.3,96.0,72.4,92.7,7.1,0.1,80.0
2.7,77.0,54.6,72.7,8.9,2.0,58.8
8.7,100.0,89.0,96.5,7.3,4.9,90.9
3.3,70.0,57.0,58.6,5.3,0.5,54.5
4.4,71.0,84.5,78.9,7.4,2.1,75.4
8.8,77.0,76.4,58.6,7.3,1.5,73.3
7.0,89.0,60.3,59.9,6.3,4.5,60.9
4.1,78.0,96.6,93.9,7.7,4.3,83.5
7.2,94.0,52.1,76.8,5.0,1.2,60.4
1.2,70.0,83.8,67.0,8.2,0.4,78.1
7.6,64.0,85.0,76.6,5.9,3.1,84.9
5.4,58.0,59.9,64.1,5.8,1.7,61.2
8.3,52.0,90.9,67.8,6.9,3.4,84.6
9.6,77.0,66.2,76.8,7.5,0.2,69.7
9.3,80.0,74.3,65.9,7.2,0.7,77.7
9.2,76.0,73.9,72.0,6.1,3.4,76.0
5.6,100.0,68.0,65.4,6.4,1.1,67.0
4.2,100.0,82.2,69.8,5.6,4.3,71.1
5.2,80.0,81.9,79.1,6.7,0.3,88.9
7.2,58.0,43.8,53.7,8.3,1.1,42.0
9.0,76.0,89.6,79.3,7.0,5.0,73.8
2.9,76.0,45.1,48.3,8.0,2.2,52.0
9.3,75.0,85.5,85.1,8.7,3.5,82.7
8.3,75.0,86.9,100.0,6.3,0.9,90.4
9.8,75.0,53.6,63.9,6.8,3.0,57.2
8.9,79.0,63.8,80.3,9.6,3.6,57.0
3.5,75.0,53.4,45.4,8.7,1.6,49.7
2.0,88.0,66.8,72.0,5.0,4.1,65.6
2.0,90.0,65.4,56.1,7.5,3.0,61.4
3.6,71.0,81.7,61.3,7.0,1.9,81.6
6.5,100.0,89.7,74.9,8.0,2.8,79.5
8.2,70.0,90.9,98.9,6.1,2.9,86.5
9.1,61.0,61.6,78.3,6.0,0.8,63.8
6.6,91.0,66.9,73.0,6.2,2.0,64.7
1.1,73.0,44.7,38.5,6.3,1.7,40.6
2.7,90.0,57.9,62.4,8.0,2.0,60.5
1.9,50.0,84.5,84.3,5.6,3.8,71.7
4.3,100.0,94.2,88.6,6.3,2.4,99.4
5.5,95.0,51.5,38.8,4.9,4.7,45.2
1.4,62.0,61.1,56.0,8.2,1.5,58.8
4.1,63.0,69.6,71.0,8.5,2.1,63.4
2.6,100.0,74.2,81.0,6.6,3.9,80.1
6.8,74.0,57.9,38.4,6.6,2.7,63.4
5.2,72.0,76.4,73.9,7.5,2.7,73.8
5.5,51.0,62.9,69.5,8.8,0.3,55.0
4.8,80.0,69.8,82.1,7.5,2.0,69.1
9.6,82.0,78.2,85.2,6.2,1.4,81.4
2.9,96.0,70.1,79.0,5.1,5.0,65.4
5.6,64.0,63.5,58.5,5.7,1.5,61.9
7.6,62.0,68.4,48.1,7.1,4.4,59.6
6.0,92.0,68.7,66.5,6.2,3.4,66.9
9.4,100.0,64.4,80.7,7.2,1.7,70.8
4.4,61.0,66.1,86.4,6.3,2.7,67.9
5.2,100.0,94.0,94.9,5.7,4.2,95.9
1.8,86.0,78.4,82.2,5.6,4.4,74.1
6.5,100.0,65.6,73.9,8.9,0.8,71.1
3.6,84.0,80.5,71.6,8.1,1.7,79.2
2.4,50.0,65.0,67.4,9.1,1.7,52.8
5.9,83.0,87.6,100.0,7.6,0.2,87.9
5.8,100.0,75.5,64.0,6.5,3.0,69.2
1.7,72.0,68.4,90.4,8.6,4.3,62.3
7.3,79.0,76.7,72.2,7.0,1.9,72.9
6.6,82.0,46.4,73.8,7.3,3.7,59.9
2.7,50.0,53.1,45.0,6.9,3.1,42.8
5.2,100.0,52.1,68.3,4.0,1.9,46.8
7.5,71.0,72.1,64.4,8.9,0.7,75.1
5.8,93.0,96.0,70.6,7.6,3.5,82.4
4.6,84.0,100.0,92.6,7.4,4.3,90.2
3.9,100.0,79.6,89.9,6.9,3.4,82.0
6.5,91.0,77.5,66.4,7.2,0.1,72.8
9.5,81.0,43.0,37.8,6.3,1.1,53.2
7.0,72.0,61.9,66.0,7.7,0.3,67.6
1.7,97.0,58.2,63.9,5.4,2.9,63.1
5.1,57.0,60.7,73.0,7.2,3.8,55.1
9.0,95.0,67.5,81.9,7.7,0.6,76.6
1.9,69.0,62.9,67.0,6.8,4.2,56.7
9.9,100.0,40.3,76.5,7.4,2.8,57.7
9.5,87.0,81.2,81.4,5.8,3.4,71.3
1.7,95.0,53.9,58.2,5.8,4.9,50.6
9.4,86.0,73.6,54.8,7.3,0.4,66.1
4.3,59.0,100.0,86.8,7.8,4.5,84.8
8.6,72.0,56.2,59.7,4.8,0.6,45.0
4.8,95.0,32.0,60.8,7.6,2.0,37.4
5.0,87.0,65.7,75.0,6.3,4.3,68.7
6.7,100.0,86.5,67.8,6.8,4.5,76.0
8.0,91.0,99.4,91.7,5.4,2.5,86.8
1.3,70.0,51.6,69.0,6.0,3.0,56.2
6.3,73.0,77.5,94.8,8.2,3.5,77.0
2.7,87.0,63.0,78.5,7.0,4.2,67.1
4.1,50.0,68.4,80.2,6.5,0.6,66.8
4.1,100.0,100.0,90.7,6.9,4.1,100.0
5.2,92.0,47.5,63.1,7.6,2.4,52.0
4.0,100.0,73.8,89.3,7.5,2.3,85.7
2.0,61.0,77.0,60.2,6.9,2.1,65.2
2.3,100.0,86.3,77.6,8.3,2.5,71.5
1.3,100.0,71.5,63.6,8.2,4.7,64.7
5.2,65.0,74.6,79.3,7.5,2.7,72.1
9.6,97.0,64.1,83.2,7.1,4.8,64.4
2.0,85.0,74.0,67.3,7.8,0.9,66.1
9.5,62.0,64.9,40.2,7.4,3.6,55.0
7.6,92.0,79.3,72.6,8.3,4.1,75.0
6.7,98.0,64.5,79.6,8.1,3.4,57.1
6.8,76.0,75.7,81.8,5.8,3.0,77.1
8.4,100.0,69.6,76.9,5.7,2.8,69.6
2.0,60.0,86.9,78.8,6.2,4.3,65.8
5.5,63.0,69.2,56.2,8.2,4.1,62.3
7.3,87.0,43.4,62.2,5.1,0.6,51.0
6.3,85.0,88.9,73.3,7.5,4.2,84.6
8.5,74.0,56.4,90.1,7.4,2.1,68.3
1.7,97.0,60.2,73.0,8.4,1.3,62.6
7.2,93.0,61.1,59.7,7.2,4.3,59.9
5.8,98.0,90.6,77.0,5.4,2.2,85.2
4.4,83.0,38.0,51.7,5.8,4.0,38.9
4.1,94.0,100.0,87.1,5.6,1.3,87.7
6.6,78.0,85.8,94.9,6.4,0.0,90.6
9.0,100.0,73.3,76.2,6.8,2.5,76.0
5.5,73.0,69.2,62.7,5.6,0.5,66.0
8.4,100.0,74.3,97.3,8.8,3.8,81.5
4.6,86.0,77.8,77.3,5.4,1.4,73.6
1.9,64.0,79.7,87.0,8.6,2.2,71.0
1.6,100.0,78.3,69.7,8.4,0.4,71.4
1.5,87.0,71.3,77.2,8.1,1.4,71.2
4.4,98.0,67.0,74.0,6.2,3.9,68.5
4.0,100.0,67.7,48.0,7.4,0.8,70.4
7.5,90.0,67.1,94.4,5.5,3.2,68.8
7.7,76.0,87.0,97.7,8.1,4.6,79.5
1.5,100.0,78.9,72.6,6.9,3.4,76.5
3.0,85.0,25.9,32.3,6.5,4.1,30.4
3.5,95.0,79.8,82.1,5.5,0.5,74.9
5.9,53.0,72.9,74.8,4.0,1.3,64.8
2.3,92.0,69.7,76.1,5.8,4.5,57.0
2.2,75.0,64.2,70.8,8.3,3.6,62.1
9.5,100.0,86.9,88.2,6.5,3.2,80.9
8.2,94.0,84.2,97.9,6.8,3.3,94.7
2.6,89.0,58.4,71.9,7.8,2.1,54.4
4.7,92.0,76.1,63.1,9.2,0.2,74.9
4.2,70.0,55.4,79.6,8.6,3.9,54.5
8.1,100.0,49.3,79.3,5.8,3.4,58.0
5.6,100.0,60.6,100.0,4.7,2.4,68.0
2.2,91.0,82.9,66.3,9.8,4.5,64.9
7.7,100.0,84.3,83.5,9.7,1.7,72.8
4.6,76.0,77.7,51.6,7.2,1.5,65.4
3.4,73.0,80.9,85.2,5.5,4.4,73.9
4.4,86.0,77.7,70.1,8.2,4.0,62.0
5.5,92.0,60.4,89.3,6.9,2.6,66.6
4.1,79.0,76.5,66.6,6.9,0.7,87.1
3.2,93.0,82.0,58.9,8.1,1.1,69.9
4.6,90.0,81.3,73.1,7.4,3.3,80.9
1.2,70.0,87.8,59.0,5.6,1.9,67.2
8.0,93.0,80.6,87.4,6.6,4.2,81.9
2.5,98.0,75.3,50.4,7.8,4.7,66.4
1.4,88.0,86.1,82.0,7.6,4.0,81.4
6.9,100.0,69.6,46.8,7.3,1.9,66.1
8.0,67.0,56.8,60.2,8.1,3.9,62.6
8.3,92.0,67.6,90.3,6.6,1.8,73.5
5.4,67.0,58.8,69.6,7.2,0.8,63.4
